ResponseID,Record,lyrics,like,listen,m_att_song,think_someone,remind_person,m_someone,speak_me,personal_connect,m_connect,shares_personal,singer_life,m_voyeur,gender,female,object_you,subject_you,WC,i,we,you,shehe,they,affect1,cogproc,percept,drives,relativ,timeorient,informal,lda1_s2,lda2_s2,lda3_s2,lda4_s2,lda5_s2,lda6_s2,lda7_s2,lda8_s2,lda9_s2,lda10_s2,lda1_s1s2,lda2_s1s2,lda3_s1s2,lda4_s1s2,lda5_s1s2,lda6_s1s2,lda7_s1s2,lda8_s1s2,lda9_s1s2,lda10_s1s2,artist_song,social,family,friend,female,male,affiliation,affect,posemo,negemo,anx,anger,sad,artist,song
R_2dBj7FctAm2DvO7,1,1,4,6,5,2,6,4,1,1,1,2,1,1.5,1,1,1.76,13.76,522,6.51,0.19,15.52,0,0,6.7,8.05,1.92,4.6,6.32,26.63,8.43,0.02968,0.01826,0.01826,0.01142,0.3516,0.05936,0.0274,0.38356,0.0274,0.07306,0.03881,0.04338,0.04338,0.05251,0.04338,0.07078,0.05936,0.0274,0.0274,0.59361,Toni Basil_Hey Mickey,21.65,0.57,1.15,0,1.34,0.19,6.7,5.17,1.53,0,0,1.34,Toni Basil,Hey Mickey
R_2Ev4IEfQHpNhMzD,2,1,6,6,6,3,5,4,1,1,1,6,7,6.5,1,1,7.69,6.6,504,8.53,0.4,14.29,0.4,0,5.56,19.25,3.97,8.33,14.48,32.34,2.38,0.07709,0.0257,0.02355,0.03426,0.55889,0.02784,0.15418,0.0257,0.03426,0.03854,0.05139,0.02355,0.06424,0.02784,0.16274,0.04283,0.02784,0.13276,0.0364,0.43041,Post Malone_Better Now,23.81,0.6,0.4,0.2,0.79,0.99,5.56,5.36,0.2,0,0.2,0,Post Malone,Better Now
R_3oLx11QzaXZaVpk,3,1,7,7,7,1,5,3,1,1,1,5,1,3,2,0,4.3,9.68,93,1.08,0,13.98,4.3,0,13.98,5.38,9.68,4.3,12.9,20.43,2.15,0.12598,0.16535,0.07874,0.05512,0.14173,0.07874,0.09449,0.06299,0.10236,0.09449,0.31496,0.07874,0.07087,0.07087,0.08661,0.07874,0.06299,0.07874,0.06299,0.09449,Miles Davis_Blue in Green,19.35,0,0,0,4.3,1.08,13.98,3.23,10.75,2.15,1.08,4.3,Miles Davis,Blue in Green
R_1rxfZtV38V0PwEC,4,1,5,5,5,2,2,2,3,2,2.5,2,2,2,1,1,6.67,6.67,15,0,0,13.33,0,0,6.67,33.33,13.33,0,13.33,20,0,0.09231,0.09231,0.09231,0.10769,0.09231,0.07692,0.13846,0.07692,0.09231,0.13846,0.09231,0.12308,0.13846,0.07692,0.10769,0.09231,0.07692,0.10769,0.09231,0.09231,call you_odesza,20,0,0,0,0,0,6.67,0,6.67,0,0,6.67,call you,odesza
R_2cwsLEyNDB7Wv0V,5,1,7,7,7,5,2,3.5,3,2,2.5,2,3,2.5,2,0,8.31,4.81,320,11.56,0.31,13.12,0,0,5.31,13.12,1.56,3.44,9.69,30.94,16.88,0.03082,0.03425,0.03425,0.5,0.08562,0.17123,0.03082,0.03767,0.04452,0.03082,0.04013,0.03679,0.05686,0.04682,0.02007,0.56856,0.06689,0.0301,0.02341,0.11037,Khan_I'm Your Girl?,20,2.81,0,4.06,0,2.19,5.31,2.5,2.81,0.94,0.94,0.62,Khan,I'm Your Girl?
R_1IL6PeCz2fCBwCa,6,1,7,7,7,1,1,1,1,1,1,4,4,4,2,0,1.43,11.43,241,8.3,1.24,12.86,0,0,6.22,14.52,2.9,14.94,12.45,24.48,1.66,0.032,0.044,0.052,0.048,0.168,0.136,0.052,0.032,0.356,0.08,0.132,0.072,0.124,0.096,0.056,0.076,0.06,0.068,0.06,0.256,Pearl Jam_Can't deny me,16.18,0,0,0,0,1.24,6.22,1.66,4.56,0,2.07,0.41,Pearl Jam,Can't deny me
R_yyY9QvL5DLVrTuF,7,1,5,5,5,4,4,4,6,5,5.5,2,2,2,1,1,6.33,6.33,324,14.81,0,12.65,0,0.31,5.56,8.64,1.23,2.47,4.01,37.04,4.63,0.02048,0.02048,0.0273,0.0273,0.58703,0.157,0.05802,0.0273,0.03413,0.04096,0.02389,0.0273,0.19454,0.0273,0.01706,0.17747,0.01706,0.08191,0.02389,0.40956,Charlie Puth_Done for me,29.32,8.64,0,0,0,0.62,5.56,4.01,1.54,0.31,0.31,0.93,Charlie Puth,Done for me
R_PTE6s3WW9VAgm4N,8,1,7,5,6,7,5,6,7,7,7,5,5,5,1,1,10.07,2.43,280,11.43,2.14,12.5,0,0,1.79,12.5,6.43,5.36,25,29.64,2.14,0.04365,0.10317,0.06349,0.03968,0.18651,0.05952,0.03968,0.01984,0.04365,0.40079,0.09127,0.03175,0.29762,0.03968,0.05952,0.05159,0.03175,0.10317,0.01984,0.27381,charlie puth_see you again,19,0,1.08,0,0,3.23,1.79,1.07,0.71,0,0,0.36,charlie puth,see you again
R_22nQxEsTbKIbGOv,9,1,7,7,7,7,7,7,2,2,2,7,7,7,1,1,4.7,7.69,234,2.14,0,12.39,1.28,0,3.42,9.4,3.85,7.69,10.26,19.23,0.85,0.02564,0.0812,0.11538,0.04701,0.38034,0.08547,0.03846,0.05556,0.09829,0.07265,0.05128,0.05983,0.07692,0.05556,0.11538,0.1453,0.07692,0.14103,0.05556,0.22222,the 1975_give yourself a try,21.79,0.43,0.43,1.28,0,0.43,3.42,1.71,1.71,0.43,0.85,0,the 1975,give yourself a try
R_sBVmRR4PE42AiNX,10,1,6,7,6.5,5,4,4.5,6,6,6,5,5,5,1,1,9.57,2.47,324,11.11,1.85,12.04,0,0,6.17,3.4,0.62,6.48,7.41,26.85,0.31,0.02465,0.02817,0.02465,0.04577,0.14085,0.15493,0.02465,0.02465,0.20775,0.32394,0.15845,0.09507,0.17254,0.07042,0.04577,0.29225,0.02817,0.03521,0.04225,0.05986,Zayn_let me,22.91,1.55,0.31,0,3.41,5.26,6.17,6.17,0,0,0,0,Zayn,let me
R_3DtmpPaQnm5JO1f,11,1,7,7,7,6,6,6,4,4,4,7,7,7,1,1,3.75,7.75,374,4.28,2.67,11.5,0.53,0,5.61,14.44,3.21,9.09,17.65,23.53,5.35,0.16529,0.16804,0.16253,0.02479,0.20937,0.07438,0.03857,0.07163,0.06061,0.02479,0.04408,0.03306,0.05234,0.02755,0.2259,0.09091,0.06336,0.20386,0.09091,0.16804,Kanye West_wolves,18.98,1.6,0,1.07,0.53,4.81,5.61,2.14,3.48,0,2.41,1.07,Kanye West,wolves
R_1mhmwnR9fj8d0u3,12,1,7,7,7,1,4,2.5,3,3,3,1,1,1,2,0,7.46,3.73,536,13.25,0.56,11.19,0,0,4.85,12.87,1.31,2.43,23.51,29.48,2.43,0.01914,0.03828,0.03828,0.0311,0.0933,0.52153,0.1244,0.02392,0.02153,0.08852,0.08852,0.02153,0.06459,0.10526,0.11244,0.16986,0.02153,0.16986,0.15072,0.09569,Arcade Fire_Put your money on me,13.99,0.75,0.19,0.19,0,0.93,4.85,2.8,2.05,0,0.37,0.93,Arcade Fire,Put your money on me
R_22LnHlWFnxGov9W,13,1,5,5,5,5,5,5,4,5,4.5,5,4,4.5,2,0,7.83,3.33,242,9.5,0.41,11.16,0,0,6.2,12.4,2.07,4.13,17.36,26.86,0,0.04721,0.03863,0.13305,0.04292,0.18455,0.09013,0.03433,0.0515,0.08584,0.29185,0.27039,0.12017,0.07296,0.12446,0.04292,0.17597,0.03433,0.06867,0.04292,0.04721,Coheed and Cambria_wake up,14.11,0,0,0,0,2.49,6.2,2.89,3.31,0,2.48,0,Coheed and Cambria,wake up
R_3LbWnCeXpYCEnfr,14,1,7,7,7,6,6,6,7,7,7,6,6,6,2,0,4.63,6.4,417,10.55,0.24,11.03,0.72,0,10.79,15.59,6.95,3.6,8.15,29.98,1.68,0.01714,0.26857,0.06857,0.09429,0.25143,0.16,0.03429,0.02857,0.05429,0.02286,0.06,0.08857,0.25143,0.03714,0.02571,0.10571,0.06571,0.06,0.03714,0.26857,Taylor Swift_Gorgeous,15.59,0,0.72,0.24,0.72,1.44,10.79,5.28,5.52,0,3.36,1.92,Taylor Swift,Gorgeous
R_2taMe6muqVuszFa,15,1,6,6,6,4,5,4.5,4,4,4,5,5,5,1,1,4.63,6.4,417,10.55,0.24,11.03,0.72,0,10.79,15.59,6.95,3.6,8.15,29.98,1.68,0.01714,0.26857,0.06857,0.09429,0.25143,0.16,0.03429,0.02857,0.05429,0.02286,0.06,0.08857,0.25143,0.03714,0.02571,0.10571,0.06571,0.06,0.03714,0.26857,Taylor Swift_Gorgeous,15.59,0,0.72,0.24,0.72,1.44,10.79,5.28,5.52,0,3.36,1.92,Taylor Swift,Gorgeous
R_PU567aKwRaSjA4h,16,1,6,7,6.5,5,7,6,2,3,2.5,5,3,4,2,0,7.58,3.32,211,0.95,0.95,10.9,0,5.21,3.79,3.79,1.42,3.79,14.69,24.17,3.32,0.03398,0.14078,0.03883,0.03398,0.03883,0.06311,0.02913,0.50485,0.08252,0.03398,0.09709,0.03883,0.06311,0.51456,0.02427,0.09223,0.03883,0.04369,0.04854,0.03883,bad wolves_zombie,21.33,0.95,0,0.47,0,1.42,3.79,0,3.79,0,0.95,0.95,bad wolves,zombie
R_2bTvHGkMue9twJu,17,1,7,7,7,5,4,4.5,7,7,7,4,5,4.5,1,1,1.98,8.91,101,8.91,0,10.89,0,0,3.96,19.8,1.98,0,17.82,25.74,1.98,0.04511,0.07519,0.09774,0.11278,0.29323,0.06015,0.05263,0.03759,0.06767,0.15789,0.10526,0.05263,0.09774,0.06015,0.07519,0.05263,0.04511,0.15038,0.06767,0.29323,The Ink Spots_Maybe,16.83,0,0,0,0,0,3.96,0,3.96,0,0,3.96,The Ink Spots,Maybe
R_2rJaJmPD4N7Lfhp,18,1,7,7,7,6,6,6,6,6,6,7,7,7,1,1,7.14,3.57,168,14.29,0,10.71,1.79,0,11.31,5.95,1.19,8.93,13.69,26.79,2.38,0.0625,0.03977,0.21023,0.03409,0.14773,0.13068,0.04545,0.0625,0.05114,0.21591,0.20455,0.02841,0.06818,0.04545,0.06818,0.17614,0.06818,0.14773,0.05682,0.13636,Mumford and Sons_White Blank Page,21.43,0,0,1.79,0.6,3.57,11.31,7.74,3.57,0,1.19,0,Mumford and Sons,White Blank Page
R_1DNMcf3TSLDYCfz,19,1,7,7,7,7,5,6,7,7,7,5,4,4.5,1,1,4.97,5.47,249,7.63,0,10.44,0,0,5.62,10.04,5.22,3.61,26.91,19.68,1.2,0.02846,0.42683,0.04878,0.02033,0.17073,0.07317,0.04065,0.04878,0.05285,0.08943,0.26016,0.02439,0.17073,0.06098,0.06504,0.15854,0.02033,0.12602,0.02033,0.0935,Fallen angel _Three days grace,11.65,0,0,0,0,0.4,5.62,2.81,2.81,0,0.8,1.2,Fallen angel ,Three days grace
R_5dSZ5tLY0hWxfvH,20,1,5,6,5.5,4,5,4.5,3,5,4,5,5,5,2,0,4.64,5.79,163,17.79,0,10.43,0,0,7.36,20.25,3.07,3.68,15.34,31.29,0,0.02941,0.04118,0.15882,0.04118,0.45882,0.05882,0.08235,0.03529,0.05882,0.03529,0.03529,0.05294,0.04706,0.03529,0.04118,0.12941,0.03529,0.38824,0.02941,0.20588,Willie nelson_Always on my mind,16.56,0,0,0.61,0,1.23,7.36,5.52,1.84,0,0,1.84,Willie nelson,Always on my mind
R_1prqqE5avDV0r0N,21,1,7,7,7,5,5,5,5,5,5,4,4,4,2,0,8.68,1.37,209,14.35,0.48,10.05,0,0,11.48,21.05,8.61,2.87,10.05,27.75,5.26,0.03061,0.22959,0.03061,0.03061,0.17347,0.07143,0.03061,0.04082,0.02551,0.33673,0.07143,0.03571,0.28061,0.05612,0.04082,0.16837,0.03571,0.11735,0.03571,0.15816,Starker brothers_Elizabeth,13.4,0,0,0,0,1.91,11.48,8.61,2.87,0,0,2.39,Starker brothers,Elizabeth
R_brouJRTYDIN94Gt,22,1,6,6,6,4,5,4.5,5,4,4.5,6,6,6,2,0,3.1,6.9,240,6.25,2.5,10,0,0,8.33,10.42,9.17,10.42,28.33,18.75,2.5,0.05906,0.04724,0.03543,0.01969,0.08661,0.17717,0.41732,0.03937,0.05906,0.05906,0.2126,0.0315,0.02362,0.08661,0.23228,0.1378,0.03543,0.10236,0.07087,0.06693,Fleetwood Mac_The Chain,25,0,0,0,0,10,8.33,5,3.33,0,3.33,0,Fleetwood Mac,The Chain
R_2qjYeIEhiksU3au,23,1,7,7,7,7,4,5.5,7,7,7,4,4,4,1,1,5.27,4.64,212,17.92,0,9.91,0,0,9.43,22.64,2.36,4.25,12.26,31.13,0,0.02451,0.03922,0.11765,0.02941,0.51961,0.08333,0.06373,0.03431,0.05882,0.02941,0.02451,0.05882,0.04412,0.05882,0.03431,0.11275,0.04902,0.37745,0.02451,0.21569,Elvis Presley_Always on my mind,15.57,0,0,0.47,0,1.42,9.43,7.08,2.36,0,0,2.36,Elvis Presley,Always on my mind
R_28UNBGmGShI3wn4,24,1,7,7,7,4,4,4,1,1,1,4,7,5.5,1,1,8.15,1.76,454,14.76,0.66,9.91,0,0,3.3,18.94,1.1,3.52,20.48,34.14,0.88,0.03681,0.07362,0.29448,0.03681,0.30368,0.10123,0.02761,0.03067,0.02147,0.07362,0.03374,0.10123,0.09202,0.09202,0.09202,0.05828,0.03067,0.15031,0.03067,0.31902,Selena Gomez_Back to You,13,0,0,0,0,0.88,3.3,1.98,1.32,0,1.1,0.22,Selena Gomez,Back to You
R_2s7tzYwyp9yx1mz,25,1,7,7,7,5,5,5,7,7,7,5,5,5,2,0,4.31,5.6,343,3.5,1.17,9.91,0,2.92,5.83,12.54,4.08,7,14.58,23.91,0.87,0.04192,0.02994,0.04192,0.02395,0.54192,0.08383,0.04491,0.02395,0.11677,0.0509,0.05689,0.05389,0.09581,0.10479,0.05389,0.0509,0.03593,0.12575,0.04192,0.38024,Twenty One Pilots_Heathens,23.32,0,1.75,0,0,3.5,5.83,3.5,2.33,0,1.46,0,Twenty One Pilots,Heathens
R_seb5yY24kzRDbHj,26,1,7,7,7,6,7,6.5,6,6,6,7,3,5,1,1,2.75,7.06,367,0,0,9.81,0,0,0.82,10.9,8.17,3.27,19.62,13.35,9.54,0.01858,0.13622,0.01858,0.02167,0.10217,0.17957,0.37152,0.04644,0.03406,0.07121,0.06192,0.21053,0.04644,0.08978,0.1548,0.17957,0.02477,0.04954,0.02477,0.15789,Katy Perry_Fireworks,11.72,1.63,0,0,0,0,0.82,0.54,0.27,0,0,0,Katy Perry,Fireworks
R_XHYyTMoUru5LVjb,27,1,6,7,6.5,4,5,4.5,4,3,3.5,5,3,4,1,1,2.9,6.7,656,12.65,0,9.6,0.15,0.91,6.4,7.93,3.35,3.2,10.06,28.51,4.73,0.01257,0.03591,0.05566,0.03232,0.614,0.0754,0.03052,0.08618,0.02334,0.03411,0.01616,0.0377,0.22083,0.03232,0.07002,0.11849,0.04668,0.04668,0.17056,0.24057,Drake_Nice for What,17.38,0.15,0.3,0.61,0.15,0.76,6.4,3.51,2.9,0.3,0.15,1.98,Drake,Nice for What
R_SI98kYFJoCMFxe1,28,1,7,7,7,2,5,3.5,2,2,2,6,6,6,1,1,2.88,6.46,364,6.87,3.57,9.34,0,0,3.57,10.16,1.92,12.09,21.7,26.1,1.37,0.03235,0.02353,0.07059,0.04118,0.11765,0.56176,0.06176,0.03529,0.03235,0.02353,0.02059,0.04412,0.23824,0.04118,0.12647,0.11471,0.03824,0.05294,0.08824,0.23529,Maroon 5_wait,15.93,0.27,0.27,0.27,0.27,4.12,3.57,2.75,0.82,0,0,0.55,Maroon 5,wait
R_3r1YEfOi5jSKQF4,29,1,6,7,6.5,4,5,4.5,6,5,5.5,6,5,5.5,2,0,3.85,5.38,325,16.62,0,9.23,0,0,7.69,10.46,2.46,5.54,11.08,28.62,0,0.02143,0.05714,0.05,0.025,0.49286,0.09643,0.06071,0.02857,0.06786,0.1,0.20357,0.03571,0.08571,0.08571,0.04643,0.10714,0.03571,0.09286,0.02857,0.27857,Shawn Mendes_Mercy,11.69,1.23,0,0,0,0,7.69,6.46,1.23,0,0,0.92,Shawn Mendes,Mercy
R_3fl7nrCQaPJcURX,30,1,5,6,5.5,1,1,1,1,1,1,1,2,1.5,1,1,0.8,8.35,601,10.98,1,9.15,0,1,5.66,9.82,3.83,5.16,15.14,25.79,5.32,0.04753,0.04943,0.03802,0.06464,0.14639,0.14639,0.02471,0.04943,0.34601,0.08745,0.04563,0.05133,0.15779,0.10456,0.07224,0.12548,0.10076,0.05513,0.13118,0.15589,Ja Rule_I'm Real,17.47,1,0.33,0.17,0.33,3.16,5.66,2.66,3,0.17,1.16,0.33,Ja Rule,I'm Real
R_2y2yEcc0kj0We7G,31,1,6,6,6,5,5,5,4,5,4.5,4,2,3,2,0,6.25,2.89,186,12.9,0.54,9.14,0,2.69,3.76,19.89,5.38,3.23,11.29,30.11,0,0.04891,0.06522,0.06522,0.06522,0.17391,0.22283,0.05435,0.04348,0.18478,0.07609,0.07609,0.04348,0.1413,0.1413,0.04891,0.11957,0.04348,0.1413,0.03804,0.20652,Concrete Blonde_I want you,17.2,0,0,0,0,1.61,3.76,2.69,1.08,0.54,0.54,0,Concrete Blonde,I want you
R_RmKXf7s5uC4tXR7,32,1,7,7,7,7,7,7,7,7,7,7,7,7,1,1,6.55,2.54,209,7.66,0.96,9.09,0,0,3.83,17.22,17.22,4.78,9.57,21.05,0,0.04206,0.06542,0.0514,0.33178,0.18224,0.0514,0.08879,0.03738,0.03738,0.11215,0.34579,0.05607,0.08411,0.04206,0.03738,0.11215,0.03271,0.14953,0.02336,0.11682,Prince_Purple Rain,12.92,0.48,1.44,0,0,1.91,3.83,1.91,1.91,0.48,0,0.48,Prince,Purple Rain
R_12eRGkdPc28MCeI,33,1,7,6,6.5,7,6,6.5,7,7,7,7,6,6.5,2,0,1.73,7.29,133,0,0.75,9.02,0,0.75,3.76,9.77,13.53,2.26,18.8,19.55,0,0.04321,0.06173,0.08642,0.03086,0.30864,0.12963,0.11111,0.08642,0.08025,0.06173,0.09877,0.06173,0.12963,0.08025,0.08025,0.03704,0.06173,0.09259,0.05556,0.30247,Leo_butterfly butterfly,13.53,0,0,0,0,0.75,3.76,3.01,0.75,0,0,0.75,Leo,butterfly butterfly
R_1pDwpfYarKRXUFy,34,1,5,6,5.5,5,6,5.5,6,6,6,7,6,6.5,2,0,3.49,5.23,172,10.47,2.91,8.72,0,0,3.49,6.98,2.33,5.23,33.14,25,0,0.0355,0.13609,0.11243,0.04142,0.12426,0.06509,0.10059,0.02959,0.09467,0.26036,0.28402,0.07101,0.13609,0.05917,0.0355,0.11834,0.0355,0.13018,0.02959,0.10059,James Cameron's_My Heart Will Go On,13.37,0,0,0,0,4.65,3.49,2.91,0.58,0.58,0,0,James Cameron's,My Heart Will Go On
R_25sWW1SmIxVHrFf,35,1,7,7,7,7,4,5.5,7,7,7,5,6,5.5,1,1,4.82,3.86,311,11.25,1.61,8.68,0,0,3.86,8.36,5.47,6.11,14.47,27.33,1.93,0.02222,0.13333,0.15185,0.03333,0.22963,0.08889,0.04074,0.05185,0.17037,0.07778,0.09259,0.05556,0.22593,0.0963,0.09259,0.07037,0.05926,0.10741,0.02963,0.17037,Vance Joy_Im with you,14.47,0.32,1.61,0,0,2.57,3.86,3.86,0,0,0,0,Vance Joy,Im with you
R_2velKmu82Kjl1Be,36,1,7,7,7,7,7,7,7,7,7,7,7,7,1,1,2.89,5.78,196,10.71,0,8.67,4.59,0,10.2,8.16,7.65,5.61,14.29,28.57,0,0.04808,0.18269,0.18269,0.02885,0.18269,0.09615,0.07212,0.04808,0.08654,0.07212,0.14904,0.04327,0.08173,0.13942,0.06731,0.18269,0.08654,0.12019,0.03365,0.09615,The Cure_Just Like Heaven,17.86,0,0,5.1,0,3.06,10.2,4.59,5.61,0,1.02,3.57,The Cure,Just Like Heaven
R_117RoJh5AhrHD1g,37,1,7,7,7,7,7,7,7,7,7,1,1,1,1,1,3.17,5.43,535,8.79,3.18,8.6,0,0,8.6,9.72,1.68,12.52,10.47,27.48,15.7,0.03722,0.01489,0.07692,0.09181,0.01985,0.59057,0.02233,0.01737,0.0794,0.04963,0.07692,0.067,0.04963,0.02233,0.20844,0.22333,0.14888,0.0397,0.09926,0.06452,subway_game we play,12.34,1.12,0.37,1.31,1.31,6.54,8.6,6.92,1.68,0,0,0,subway,game we play
R_2PnEL2X0In5i0Pu,38,1,7,7,7,7,2,4.5,5,4,4.5,6,5,5.5,2,0,2.49,6.06,117,1.71,1.71,8.55,0,0.85,8.55,9.4,6.84,5.98,14.53,12.82,1.71,0.05479,0.12329,0.19178,0.08219,0.17808,0.06164,0.04795,0.04795,0.11644,0.09589,0.18493,0.08219,0.10959,0.10274,0.07534,0.07534,0.04795,0.17123,0.05479,0.09589,Pink Floyd_Wish You Were Here,14.53,0,0,0,0,1.71,8.55,4.27,4.27,0.85,1.71,0.85,Pink Floyd,Wish You Were Here
R_9mKWWGUMZjl8RDH,39,1,7,7,7,7,7,7,7,7,7,7,7,7,2,0,4.37,4.1,366,4.1,0,8.47,0.27,0,11.48,10.66,6.56,1.37,18.85,17.49,0,0.52316,0.20436,0.0218,0.04087,0.03542,0.07357,0.01362,0.02452,0.02725,0.03542,0.08152,0.02717,0.02174,0.60326,0.05163,0.09239,0.03533,0.02446,0.0163,0.0462,Archive_bullets,17.49,0,0,0,0.82,0,11.48,5.46,0.55,0,0,0,Archive,bullets
R_2wjDtdqmV5yc2Li,40,1,7,6,6.5,6,7,6.5,2,2,2,5,6,5.5,1,1,2.85,5.52,263,15.59,0,8.37,0,0,8.37,12.93,4.18,4.56,14.07,27.76,0,0.04032,0.04435,0.06452,0.02016,0.1129,0.04032,0.03629,0.03629,0.08065,0.52419,0.3871,0.06048,0.15323,0.04839,0.04839,0.1129,0.03226,0.05645,0.02419,0.07661,Steffany Gretzinger_Confident,9.51,0,0,0,0,1.14,8.37,6.84,1.52,0,1.14,0.38,Steffany Gretzinger,Confident
R_SABZ7g9ukmkwKxH,41,1,7,7,7,7,7,7,1,1,1,7,1,4,1,1,4.3,3.9,256,17.58,0,8.2,0,0,4.69,14.84,4.3,2.73,6.25,30.47,1.56,0.0237,0.06161,0.04265,0.21327,0.22275,0.23223,0.04265,0.02844,0.03318,0.09953,0.07583,0.0237,0.25118,0.03791,0.05687,0.22749,0.03791,0.09953,0.0237,0.16588,Cascada_Miracle,15.62,0,0,3.52,0.39,1.56,4.69,3.91,0.78,0,0.39,0.39,Cascada,Miracle
R_SUgLGyAkD9vn9L3,42,1,6,6,6,4,5,4.5,3,3,3,6,4,5,2,0,5.09,2.86,629,6.36,0.79,7.95,0.16,0.16,2.23,3.66,5.72,8.59,12.08,20.51,14.94,0.04196,0.02098,0.01224,0.70804,0.05594,0.05944,0.01224,0.04021,0.02797,0.02098,0.01049,0.01748,0.03322,0.05769,0.0542,0.10839,0.3549,0.01399,0.25874,0.09091,Childish Gambino_This is America,19.87,0.95,0.16,1.59,4.61,2.38,2.23,1.59,0.64,0.32,0,0,Childish Gambino,This is America
R_sX6bEoB4TnEBRm1,43,1,7,7,7,6,3,4.5,6,6,6,5,5,5,2,0,4.09,3.8,342,9.36,0.58,7.89,0,0,1.75,10.82,4.09,4.97,13.74,25.73,7.6,0.04396,0.04762,0.04762,0.0696,0.16117,0.31502,0.09158,0.03663,0.11722,0.0696,0.05128,0.06227,0.22344,0.07326,0.10623,0.19048,0.04762,0.04396,0.04029,0.16117,John Mayer_New Light,14.91,0.29,0.58,0,0.29,3.22,1.75,1.17,0.58,0.29,0,0.29,John Mayer,New Light
R_1mgxi3fizRwj1Do,44,1,7,7,7,6,5,5.5,6,5,5.5,5,5,5,1,1,6.02,1.83,382,7.85,3.93,7.85,0,0,2.09,9.69,4.45,9.95,23.56,26.96,1.57,0.06765,0.04706,0.07941,0.03529,0.12647,0.05882,0.07353,0.03235,0.09118,0.38824,0.08235,0.05882,0.29118,0.03529,0.05,0.05294,0.04118,0.23824,0.03235,0.11765,Wiz Khalifa_See You Again,17.28,0.79,0.79,0,0.26,6.02,2.09,1.57,0.52,0,0.26,0.26,Wiz Khalifa,See You Again
R_9BwRucfuYtdgAtr,45,1,5,6,5.5,3,3,3,2,2,2,4,5,4.5,1,1,5.58,2.01,224,14.29,0.89,7.59,0,0,8.04,10.71,0.45,7.14,14.73,29.46,0,0.03738,0.04206,0.03271,0.02804,0.16355,0.12617,0.07944,0.07009,0.09813,0.32243,0.16355,0.05607,0.28972,0.06542,0.04206,0.15421,0.02336,0.07944,0.03738,0.08879,Shania Twain_From this moment on,13.84,0,0,0,0,4.02,8.04,7.14,0.89,0,0,0.45,Shania Twain,From this moment on
R_31Se7LTVEiJcJ38,46,1,6,7,6.5,7,2,4.5,5,5,5,1,1,1,1,1,0.98,6.57,278,0,0,7.55,5.76,0,6.47,15.11,1.08,5.4,14.03,15.11,0,0.0383,0.34043,0.06383,0.06383,0.19574,0.05106,0.03404,0.07234,0.06809,0.07234,0.10213,0.05532,0.09362,0.13191,0.08511,0.05957,0.08936,0.15319,0.05532,0.17447,Frank Sinatra_Swinging on a Star,15.47,0,0,0,5.76,0.36,6.47,3.24,3.24,0,1.44,0,Frank Sinatra,Swinging on a Star
R_tWgiRK4xuxt25nr,47,1,6,6,6,5,4,4.5,5,5,5,5,4,4.5,2,0,3.74,3.74,548,6.75,1.09,7.48,0,0.36,3.28,6.93,8.58,8.58,14.78,21.17,8.58,0.44805,0.02814,0.03247,0.0368,0.12987,0.23593,0.01299,0.04978,0.01515,0.01082,0.0368,0.04545,0.02165,0.03896,0.46537,0.05844,0.0671,0.01515,0.09307,0.15801,bruno mars_uptown funk,16.42,0,0,1.46,0.36,1.64,3.28,1.09,2.19,0,1.64,0,bruno mars,uptown funk
R_1msA0vDBD5K2KlP,48,1,7,7,7,3,5,4,2,2,2,6,6,6,1,1,3.73,3.73,161,5.59,0,7.45,3.73,0,3.11,11.18,8.7,9.94,14.91,19.88,0,0.05714,0.31429,0.16,0.02857,0.17143,0.03429,0.04,0.06286,0.08571,0.04571,0.09143,0.06857,0.17143,0.18857,0.09714,0.08571,0.09143,0.04571,0.05143,0.10857,Green Day_She,14.91,0,0,3.73,0,1.86,3.11,0,3.11,0.62,0,0,Green Day,She
R_R8Guubq81Wbn31v,49,1,6,6,6,5,6,5.5,6,6,6,6,6,6,2,0,4.02,3.42,336,10.42,0.89,7.44,0.3,0.3,9.23,24.11,5.65,7.74,15.77,28.27,0.3,0.02922,0.20455,0.12662,0.03247,0.23377,0.07468,0.05519,0.04221,0.12987,0.07143,0.0487,0.0487,0.08766,0.04221,0.05195,0.08442,0.03571,0.42857,0.02273,0.14935,adele_someone like you,16.37,0.3,0.3,0.6,0,3.27,9.23,4.76,4.17,0.6,1.19,2.08,adele,someone like you
R_yVWsZBU7Oj90lIR,50,1,2,2,2,1,1,1,1,1,1,1,1,1,2,0,1.04,6.22,482,3.11,5.6,7.26,0,1.66,10.17,12.86,2.9,18.88,11.83,23.24,1.66,0.09479,0.01185,0.04739,0.03081,0.15403,0.50711,0.01422,0.04028,0.0782,0.02133,0.03791,0.01896,0.06872,0.01896,0.05924,0.23934,0.06398,0.25829,0.04976,0.18483,taylor swift_bad blood,20.95,3.32,0,0,0,6.85,10.17,2.49,7.68,0,1.04,1.04,taylor swift,bad blood
R_1QGv4hN9ok9az5A,51,1,6,6,6,5,4,4.5,6,6,6,5,5,5,1,1,1.53,5.69,360,3.06,1.94,7.22,0.83,0.28,6.39,18.89,3.06,10.56,16.67,17.22,3.61,0.0413,0.0826,0.12389,0.05015,0.29204,0.15339,0.10029,0.0295,0.09735,0.0295,0.11471,0.07059,0.08824,0.05,0.08235,0.08824,0.05882,0.15,0.03824,0.25882,Kali Uchis_After the Storm,14.44,0.83,0,0,1.11,2.5,6.39,4.72,1.67,0.56,0.56,0.56,Kali Uchis,After the Storm
R_2R8I2FWmTFlLBc1,52,1,7,7,7,5,3,4,6,6,6,4,4,4,2,0,5.31,1.85,391,10.74,1.02,7.16,0,0,3.07,10.49,0,4.6,12.28,21.99,17.14,0.03047,0.0277,0.0277,0.4349,0.12188,0.17175,0.02216,0.07202,0.0554,0.03601,0.01939,0.03047,0.03878,0.05263,0.04986,0.14681,0.39335,0.06648,0.0277,0.17452,Maroon 5_Girl like you,16.8,1.03,1.03,5.68,1.03,1.81,3.07,2.81,0.26,0,0.26,0,Maroon 5,Girl like you
R_b9EXWM89EUroEdH,53,1,7,7,7,5,4,4.5,7,7,7,4,4,4,1,1,4.76,2.38,294,12.59,0,7.14,1.02,0,9.86,9.52,1.7,11.56,19.39,22.11,0,0.04528,0.15094,0.10189,0.02264,0.06792,0.04906,0.0566,0.06415,0.09811,0.3434,0.24906,0.07925,0.08302,0.08302,0.07547,0.0566,0.0717,0.18868,0.04906,0.06415,russell dickerson_yours,8.84,0,0,0,1.02,1.02,9.86,7.14,2.72,0,0,2.04,russell dickerson,yours
R_2uhxbXWIdNtTmAp,54,1,7,7,7,1,1,1,1,1,1,1,1,1,1,1,1.77,5.1,466,1.72,0.43,6.87,1.72,0,4.08,12.88,1.29,5.36,18.88,16.09,0.86,0.02514,0.04749,0.61173,0.02793,0.14246,0.05307,0.01955,0.01955,0.02235,0.03073,0.0419,0.35196,0.03911,0.06704,0.03631,0.10615,0.05307,0.09777,0.08101,0.1257,Chromeo_Old 45's,12.88,0.86,0.64,0.86,2.36,3.22,4.08,2.36,1.72,0.21,1.29,0,Chromeo,Old 45's
R_3oRrZ6tVzbud5jE,55,1,6,6,6,3,3,3,2,2,2,4,3,3.5,2,0,4.49,2.24,208,10.58,0,6.73,2.88,0,2.88,22.12,6.73,6.25,22.12,27.88,0,0.05797,0.05314,0.22222,0.0628,0.14976,0.03865,0.07246,0.05314,0.08696,0.2029,0.06763,0.04348,0.16908,0.10145,0.09662,0.05314,0.05314,0.2029,0.04831,0.16425,Foo Fighters_Everlong,14.42,0,0,2.88,0,0.48,2.88,2.88,0,0,0,0,Foo Fighters,Everlong
R_27Jza0IDBflIzCP,56,1,5,5,5,1,1,1,1,1,1,4,4,4,2,0,1.74,4.93,165,15.76,0,6.67,1.82,0,13.33,12.12,3.03,4.24,9.7,27.88,3.64,0.04819,0.12048,0.26506,0.06627,0.13855,0.09036,0.04217,0.07229,0.12048,0.03614,0.07831,0.06024,0.10241,0.06627,0.06627,0.05422,0.10241,0.09639,0.06627,0.30723,Radiohead_Creep,8.48,0,0,1.82,0,2.42,13.33,6.67,6.67,0,3.64,1.21,Radiohead,Creep
R_2QiHEP15h5cYmRO,57,1,6,7,6.5,7,7,7,2,1,1.5,7,7,7,2,0,1.02,5.42,435,3.22,0.46,6.44,0.92,0.69,4.83,11.26,5.06,8.97,17.7,15.17,3.91,0.0925,0.15,0.145,0.015,0.0975,0.1425,0.06,0.15,0.08,0.0675,0.04,0.2425,0.085,0.1325,0.115,0.08,0.125,0.065,0.035,0.08,Smash Mouth_All-star,12.87,0,0,0.92,0.23,1.38,4.83,3.45,1.38,0,0.69,0,Smash Mouth,All-star
R_3m92ienI3PH83tY,58,1,7,7,7,5,5,5,7,6,6.5,6,6,6,2,0,2.25,4.18,311,2.25,3.86,6.43,0,0,1.61,24.12,4.82,8.36,13.18,19.29,1.61,0.04483,0.05172,0.07931,0.04483,0.17586,0.4,0.06207,0.02414,0.03448,0.08276,0.05172,0.0931,0.14828,0.06552,0.02759,0.11379,0.06897,0.10345,0.04138,0.28621,Jack Johnson_Banana Pancakes,14.15,1.29,0,1.29,0,4.5,1.61,0.96,0.64,0.32,0,0,Jack Johnson,Banana Pancakes
R_3D0yyOvUinuhBto,59,1,6,5,5.5,7,5,6,7,6,6.5,6,6,6,2,0,5.9,0.39,286,16.78,0,6.29,0,0,1.75,13.99,3.85,3.85,12.94,25.52,2.8,0.02917,0.025,0.04583,0.04167,0.05,0.02083,0.02917,0.05417,0.02083,0.68333,0.55833,0.02083,0.1625,0.025,0.04167,0.05,0.04167,0.02917,0.025,0.04583,Mercy Me_I Can Only Imagine,9.44,0.35,0,0,0.35,1.05,1.75,1.75,0,0,0,0,Mercy Me,I Can Only Imagine
R_1JIXgzbGPZmA8ZH,60,1,7,7,7,5,4,4.5,1,1,1,2,2,2,1,1,1.95,4.13,411,7.06,0.73,6.08,1.95,0.24,2.68,7.54,5.6,9.73,26.28,20.68,4.14,0.01366,0.03005,0.56011,0.03825,0.09016,0.12842,0.01366,0.04918,0.03825,0.03825,0.03552,0.39617,0.02459,0.02732,0.0847,0.17213,0.0765,0.09016,0.04098,0.05191,Florida Georgia Line_Cruise,13.14,2.19,0,2.43,0.24,1.22,2.68,1.7,0.97,0,0.97,0,Florida Georgia Line,Cruise
R_29nozThUALg2Qdg,61,1,7,7,7,7,7,7,7,7,7,6,4,5,1,1,3.03,3.03,99,3.03,2.02,6.06,1.01,0,1.01,10.1,2.02,7.07,21.21,15.15,1.01,0.04032,0.1129,0.16935,0.05645,0.09677,0.10484,0.08065,0.12903,0.1129,0.09677,0.12097,0.08871,0.12097,0.14516,0.08065,0.1129,0.08065,0.10484,0.09677,0.04839,Eels_daisies of the galaxy,12.12,0,2.02,0,2.02,4.04,1.01,1.01,0,0,0,0,Eels,daisies of the galaxy
R_3EWrfpsTvAQJjQm,62,1,6,6,6,6,3,4.5,7,7,7,5,5,5,1,1,2.9,3.06,285,13.33,3.16,5.96,1.05,0,10.88,10.88,9.47,10.18,14.04,27.72,1.05,0.0428,0.15953,0.16342,0.0428,0.09728,0.12062,0.06615,0.03113,0.08171,0.19455,0.14397,0.09728,0.10506,0.12451,0.04669,0.10895,0.07393,0.12451,0.01946,0.15564,Ed Sheeran_Perfect,23.16,1.05,1.75,2.11,0.35,7.37,10.88,10.18,0.7,0,0.35,0,Ed Sheeran,Perfect
R_31WvL0v7Ixp8fSu,63,1,5,5,5,3,3,3,2,2,2,4,4,4,2,0,2.9,3.06,285,13.33,3.16,5.96,1.05,0,10.88,10.88,9.47,10.18,14.04,27.72,1.05,0.0428,0.15953,0.16342,0.0428,0.09728,0.12062,0.06615,0.03113,0.08171,0.19455,0.14397,0.09728,0.10506,0.12451,0.04669,0.10895,0.07393,0.12451,0.01946,0.15564,Ed Sheeran_Perfect,23.16,1.05,1.75,2.11,0.35,7.37,10.88,10.18,0.7,0,0.35,0,Ed Sheeran,Perfect
R_cPm0sQoIefJYuOZ,64,1,7,7,7,1,1,1,1,1,1,1,1,1,1,1,2.96,2.96,152,11.84,2.63,5.92,0,1.97,8.55,14.47,4.61,2.63,10.53,23.68,0,0.05952,0.04167,0.04762,0.03571,0.29167,0.07738,0.11905,0.05952,0.19048,0.07738,0.05952,0.08333,0.06548,0.11905,0.04762,0.18452,0.03571,0.26786,0.04167,0.09524,the rolling stones_wild horses,11.84,0,0,0.66,0,2.63,8.55,2.63,5.92,0,0.66,2.63,the rolling stones,wild horses
R_vqprib12XMzZx7z,65,1,7,6,6.5,4,2,3,1,1,1,3,3,3,1,1,2.76,3,417,12.47,0,5.76,0,1.44,6.24,6.24,5.52,8.39,13.91,24.7,2.88,0.02586,0.06034,0.02874,0.08046,0.10632,0.04023,0.06609,0.03736,0.50575,0.04885,0.12931,0.03161,0.0431,0.17241,0.10345,0.09195,0.02299,0.30747,0.02874,0.06897,Imagine Dragons_Believer,9.88,0.24,0,0.24,0,0.96,6.24,1.44,4.8,0.72,0.24,0.48,Imagine Dragons,Believer
R_31dcXbTfbuGhD1U,66,1,5,5,5,5,4,4.5,3,7,5,3,5,4,2,0,2.66,3.05,105,13.33,2.86,5.71,0,1.9,2.86,11.43,5.71,3.81,10.48,29.52,1.9,0.06299,0.19685,0.07874,0.04724,0.14961,0.11811,0.10236,0.06299,0.09449,0.08661,0.11024,0.06299,0.22835,0.06299,0.10236,0.05512,0.07087,0.08661,0.05512,0.16535,kiss_Beth,18.1,0,0,0,0.95,2.86,2.86,0.95,1.9,0,0,1.9,kiss,Beth
R_D2lOm5bzuomDFHH,67,1,6,5,5.5,5,5,5,6,6,6,5,5,5,2,0,1.17,4.37,343,4.96,2.62,5.54,0.87,0,4.96,11.66,7.87,7.29,13.12,23.91,5.25,0.02749,0.05842,0.09966,0.08591,0.13402,0.22337,0.13746,0.03436,0.13746,0.06186,0.05763,0.11525,0.07458,0.10169,0.07458,0.09831,0.04746,0.09153,0.09831,0.24068,Group Love_colours,16.91,0,0.58,0.58,3.21,3.5,4.96,2.62,2.33,0,0,1.46,Group Love,colours
R_240rwVkwSrR6qFB,68,1,5,5,5,3,4,3.5,5,4,4.5,5,6,5.5,2,0,1.79,3.75,307,0.33,1.3,5.54,0,0.65,1.63,6.19,2.93,8.14,11.73,13.68,13.03,0.03396,0.03774,0.03396,0.03774,0.04906,0.04151,0.05283,0.03019,0.02264,0.66038,0.0717,0.0717,0.11698,0.05283,0.03774,0.50189,0.04151,0.02264,0.04906,0.03396,Shakira_waka waka,9.12,0.65,0,0.65,0,1.3,1.63,0.33,1.3,0.65,0.33,0,Shakira,waka waka
R_0HQbNkWlRWE5eX7,69,1,5,5,5,3,5,4,5,6,5.5,4,4,4,1,1,4.58,0.95,235,10.64,0.43,5.53,0,0.43,7.23,16.17,2.13,12.34,16.17,22.55,0,0.04072,0.1086,0.06335,0.04525,0.08145,0.08597,0.02715,0.02262,0.08597,0.43891,0.32579,0.04072,0.0724,0.11765,0.03167,0.07692,0.03167,0.04525,0.03167,0.22624,austin french_why god,11.49,0.85,1.28,0.43,0.43,2.98,7.23,4.68,2.55,0,0.43,1.28,austin french,why god
R_1nVopivZPCI7ft6,70,1,7,7,7,7,7,7,6,6,6,7,4,5.5,1,1,4.01,1.49,673,14.41,1.63,5.5,0,0,5.05,6.39,1.93,8.77,28.97,23.18,3.71,0.03926,0.04959,0.05992,0.03926,0.04132,0.60537,0.02479,0.03099,0.06405,0.04545,0.04959,0.06612,0.07025,0.04959,0.1157,0.47107,0.05785,0.05992,0.03099,0.02893,Ed Sheeran_Shape of you,16.34,2.23,0.45,0.3,0.45,6.39,5.05,4.75,0.3,0,0,0,Ed Sheeran,Shape of you
R_2V2aMHuS2wKJKdT,71,1,7,7,7,7,7,7,7,7,7,5,5,5,1,1,4.01,1.49,673,14.41,1.63,5.5,0,0,5.05,6.39,1.93,8.77,28.97,23.18,3.71,0.03926,0.04959,0.05992,0.03926,0.04132,0.60537,0.02479,0.03099,0.06405,0.04545,0.04959,0.06612,0.07025,0.04959,0.1157,0.47107,0.05785,0.05992,0.03099,0.02893,Ed Sheeran_Shape of you,16.34,2.23,0.45,0.3,0.45,6.39,5.05,4.75,0.3,0,0,0,Ed Sheeran,Shape of you
R_3nGzyIPD0APk7Hx,72,1,7,6,6.5,6,6,6,6,6,6,6,6,6,1,1,4.01,1.49,673,14.41,1.63,5.5,0,0,5.05,6.39,1.93,8.77,28.97,23.18,3.71,0.03926,0.04959,0.05992,0.03926,0.04132,0.60537,0.02479,0.03099,0.06405,0.04545,0.04959,0.06612,0.07025,0.04959,0.1157,0.47107,0.05785,0.05992,0.03099,0.02893,Ed Sheeran_Shape of you,16.34,2.23,0.45,0.3,0.45,6.39,5.05,4.75,0.3,0,0,0,Ed Sheeran,Shape of you
R_1BSh1gUkYebtU6S,73,1,7,7,7,7,7,7,7,7,7,7,7,7,2,0,3.82,1.61,258,5.81,0,5.43,0,0,8.14,10.85,7.36,4.65,11.63,15.12,0.39,0.04878,0.34146,0.11382,0.05691,0.05691,0.10163,0.06911,0.03252,0.06504,0.11382,0.18699,0.08537,0.14634,0.10163,0.05691,0.13008,0.03252,0.11789,0.04065,0.10163,Billy Idol_Eyes without a face,11.24,0,0,0,0,0.78,8.14,3.88,4.26,0,1.94,0.78,Billy Idol,Eyes without a face
R_2YQwKWCawz1a8G7,74,1,7,7,7,6,1,3.5,7,7,7,1,1,1,1,1,1.23,4.19,203,16.26,0,5.42,0,0.49,4.93,18.72,2.46,3.45,6.9,32.02,1.48,0.03243,0.02703,0.08108,0.08649,0.16216,0.13514,0.03784,0.04865,0.34595,0.04324,0.04865,0.05946,0.11351,0.2,0.03243,0.09189,0.04324,0.22703,0.06486,0.11892,cody jinks_i'm not the devil,9.85,0,0,0,1.48,0,4.93,0,4.93,0,0.99,0,cody jinks,i'm not the devil
R_tJpqRKWc9ivIf6x,75,1,7,6,6.5,6,6,6,7,7,7,7,7,7,2,0,2.78,2.63,296,14.86,0.68,5.41,0,3.04,0.68,18.58,5.07,2.03,11.82,29.05,2.03,0.03831,0.08812,0.08812,0.05747,0.1341,0.21456,0.14943,0.03448,0.10345,0.09195,0.03831,0.01916,0.19157,0.19157,0.04981,0.0613,0.04215,0.16092,0.04981,0.1954,John Rzeznik_I'm Still Here,14.53,0,0,0,1.01,1.69,0.68,0,0.68,0.34,0.34,0,John Rzeznik,I'm Still Here
R_7ZEZI5wUT4eryiR,76,1,6,6,6,4,4,4,4,4,4,4,4,4,1,1,3.04,2.36,278,16.55,0,5.4,0,0,4.32,14.39,9.71,6.47,8.27,31.29,1.8,0.04661,0.2161,0.07203,0.0339,0.33051,0.05508,0.05508,0.04661,0.0678,0.07627,0.09322,0.03814,0.13559,0.08051,0.05932,0.02542,0.04237,0.31356,0.0339,0.17797,REM_Losing My Religion,11.15,0,0,0,0,0,4.32,1.44,2.88,0,0,2.16,REM,Losing My Religion
R_12x2T8nPkbpRuBQ,77,1,7,7,7,7,6,6.5,7,7,7,7,7,7,1,1,2.45,2.94,167,5.99,0,5.39,0,2.99,4.19,22.16,1.2,1.2,17.37,18.56,0,0.03488,0.05814,0.1686,0.04651,0.12791,0.11047,0.09884,0.0407,0.11628,0.19767,0.05233,0.06977,0.15116,0.13372,0.03488,0.15698,0.06395,0.22093,0.05233,0.06395,Jim Croce_Time in a bottle,8.43,0,0,0,0,0,4.19,3.59,0.6,0,0,0.6,Jim Croce,Time in a bottle
R_25R3gGLBoTivA6V,78,1,7,7,7,7,4,5.5,6,6,6,2,2,2,2,0,1.88,3.49,391,3.58,0,5.37,0,0,3.58,8.44,4.09,3.32,8.95,24.55,4.86,0.6802,0.02538,0.01777,0.03807,0.09137,0.03299,0.01523,0.0203,0.04061,0.03807,0.43909,0.02284,0.02538,0.06853,0.10914,0.01269,0.09137,0.06091,0.05584,0.11421,Shinedown_Headcase,23.79,0.26,0,0,0,0.26,3.58,2.3,1.28,0,0.26,1.02,Shinedown,Headcase
R_1KpzJW52FyEEfCb,79,1,5,6,5.5,4,5,4.5,6,5,5.5,5,4,4.5,1,1,3.44,1.72,252,8.73,0.79,5.16,0,0,0.4,13.49,5.56,5.16,21.83,19.05,0,0.02881,0.28395,0.08642,0.04938,0.09053,0.14403,0.06584,0.02881,0.1358,0.08642,0.06584,0.09877,0.23457,0.107,0.09877,0.1358,0.02469,0.11523,0.02881,0.09053,faith hill_breath ,9.13,1.98,0,0,0,1.19,0.4,0,0.4,0,0.4,0,faith hill,breath
R_27fHpBY5KhLMws2,80,1,7,7,7,6,4,5,7,7,7,5,4,4.5,1,1,4.66,0.49,408,3.92,0,5.15,0,0,43.3,9.28,0,24.23,0.52,23.71,1.55,0.03553,0.03046,0.02538,0.04061,0.14721,0.59898,0.02538,0.02538,0.04061,0.03046,0.03046,0.02538,0.05076,0.02538,0.07107,0.45178,0.02538,0.06091,0.05584,0.20305,BTS_Fake Love,31.44,0,0,0,0.52,19.59,20.59,9.56,11.03,0,1.96,0.98,BTS,Fake Love
R_1lsK9CMllK7AwFC,81,1,4,3,3.5,3,4,3.5,4,5,4.5,5,6,5.5,2,0,1.8,3.33,390,0.26,0,5.13,2.05,0,5.38,5.13,2.05,5.38,7.69,11.79,48.46,0.0273,0.04218,0.02978,0.01737,0.0397,0.03722,0.01985,0.02481,0.01985,0.74194,0.0273,0.02233,0.52605,0.03722,0.05459,0.06203,0.10918,0.05211,0.01241,0.09677,beatles_hey jude,13.85,0,0,1.79,0.26,0,5.38,3.59,1.79,0.26,0,0.51,beatles,hey jude
R_1fkoke7ep3rSFXL,82,1,7,7,7,7,7,7,7,7,7,7,7,7,2,0,2.98,2.13,235,4.26,4.68,5.11,0,0,5.96,12.77,2.13,17.02,27.23,21.7,3.4,0.12054,0.04911,0.0625,0.03125,0.09821,0.10714,0.07143,0.02232,0.04911,0.38839,0.125,0.05357,0.08929,0.05804,0.08036,0.13839,0.06696,0.27232,0.04018,0.07589,Anberlin_Inevitable ,15.74,0,0,0,0,8.51,5.96,4.26,1.7,0,0.43,0.85,Anberlin,Inevitable
R_2eQj2ilFGdY55lc,83,1,4,6,5,5,2,3.5,6,6,6,1,2,1.5,2,0,2.31,2.69,120,17.5,0,5,0,0,6.67,11.67,8.33,5.83,10.83,34.17,0,0.10924,0.07563,0.10084,0.04202,0.18487,0.16807,0.05882,0.07563,0.05882,0.12605,0.05042,0.07563,0.08403,0.06723,0.11765,0.32773,0.05042,0.10924,0.05042,0.06723,HOMESHAKE_give it to me,22.5,5,0,0,0,4.17,6.67,5,1.67,0.83,0,0.83,HOMESHAKE,give it to me
R_1DRWP6SGFIySvIt,84,1,7,7,7,7,7,7,7,7,7,7,7,7,2,0,3.34,1.56,204,11.76,0.98,4.9,0,0,5.39,10.29,3.92,3.92,18.63,25.98,0,0.16495,0.03608,0.23711,0.04124,0.09278,0.09278,0.09794,0.06186,0.09278,0.08247,0.09278,0.14948,0.05155,0.07732,0.13918,0.11856,0.08247,0.10825,0.05155,0.12887,Gorillaz_Humility,8.33,0,0,0,0,0.98,5.39,1.96,3.43,0,0,3.43,Gorillaz,Humility
R_1Cpvjo3V03FhNrA,85,1,7,7,7,6,7,6.5,7,7,7,7,7,7,2,0,3.59,1.2,209,11.48,1.91,4.78,0,0,6.22,5.74,0,3.83,21.05,20.57,0.48,0.05319,0.32979,0.10638,0.04255,0.11702,0.10106,0.03723,0.03191,0.09043,0.09043,0.18617,0.05851,0.24468,0.09043,0.07979,0.09043,0.05319,0.08511,0.04787,0.06383,audioslave_like a stone,8.13,0,0,0,0,1.91,6.22,1.44,4.78,0,0,4.31,audioslave,like a stone
R_210ae0uHSgZ84pK,86,1,7,7,7,4,4,4,1,1,1,4,4,4,2,0,1.92,2.64,395,12.66,2.53,4.56,0.76,2.78,4.56,6.84,6.84,11.39,20.25,25.32,4.05,0.03614,0.04217,0.12952,0.05723,0.09036,0.35241,0.06627,0.07229,0.09036,0.06325,0.02108,0.12048,0.08434,0.10241,0.12651,0.16566,0.06928,0.15361,0.08133,0.0753,Alex Cameron_The Comeback,14.43,0.25,0,0.25,0.76,3.54,4.56,1.52,3.04,0,1.01,0,Alex Cameron,The Comeback
R_3qOrOy1oycGxnCv,87,1,6,6,6,5,5,5,6,7,6.5,5,6,5.5,2,0,2.72,1.75,246,9.76,0,4.47,0,0.81,8.54,4.88,4.47,3.66,16.26,17.89,0.41,0.08403,0.28992,0.05882,0.05042,0.04622,0.08403,0.05042,0.07983,0.12605,0.13025,0.12185,0.05882,0.17227,0.18908,0.21429,0.06723,0.03782,0.04622,0.04202,0.05042,Cannibal Corpse_Hammer Smashed Face,5.69,0,0,0,0,0,8.54,1.63,6.91,0.81,4.88,0.41,Cannibal Corpse,Hammer Smashed Face
R_POqvQEMhM1QA4Ex,88,1,7,7,7,7,7,7,7,7,7,7,7,7,1,1,2.49,1.86,161,15.53,0,4.35,0,0,5.59,17.39,6.21,3.73,16.77,27.33,0,0.05325,0.05325,0.14793,0.04734,0.16568,0.07101,0.19527,0.04142,0.07101,0.15385,0.14201,0.10059,0.10059,0.10059,0.10651,0.04734,0.05917,0.13609,0.06509,0.14201,Johnny Cash_Pain,8.7,0,1.24,0,0,1.24,5.59,1.24,4.35,0,1.24,2.48,Johnny Cash,Pain
R_3HAXPSKNkzMvx86,89,1,7,7,7,4,7,5.5,1,1,1,7,7,7,1,1,1.4,2.93,669,13.3,0.15,4.33,1.49,0.9,5.83,9.27,4.93,6.13,11.66,24.66,7.92,0.04906,0.02642,0.07925,0.06415,0.08113,0.19434,0.01887,0.38679,0.07358,0.02642,0.03208,0.0566,0.03962,0.03962,0.09434,0.04906,0.07547,0.03774,0.4,0.17547,CARDI B _BODAK YELLOW,11.81,0.45,0.15,0.75,1.05,1.35,5.83,2.24,3.59,0,3.14,0,CARDI B ,BODAK YELLOW
R_2D0xezLBVkEoRmf,90,1,6,6,6,5,2,3.5,7,7,7,2,4,3,1,1,2.59,1.72,116,8.62,0.86,4.31,1.72,0,0,4.31,9.48,4.31,25,19.83,0,0.0597,0.15672,0.1194,0.06716,0.08209,0.07463,0.14925,0.04478,0.14925,0.09701,0.08209,0.19403,0.06716,0.12687,0.15672,0.08209,0.06716,0.1194,0.04478,0.0597,Shook Twins_Stay Wild,10.34,0,2.59,0,1.72,0.86,0,0,0,0,0,0,Shook Twins,Stay Wild
R_24D9Nz6tMayVG93,91,1,6,7,6.5,2,1,1.5,2,2,2,4,4,4,1,1,3.23,1.08,186,11.83,2.15,4.3,0,0,7.53,10.75,5.91,7.53,7.53,25.81,9.14,0.02778,0.07778,0.04444,0.06111,0.19444,0.38333,0.03889,0.03333,0.09444,0.04444,0.04444,0.05556,0.10556,0.04444,0.09444,0.32778,0.08333,0.03889,0.05556,0.15,Wax Motif_Unraveled,17.74,5.91,1.08,0,0,2.15,7.53,6.45,1.08,0,1.08,0,Wax Motif,Unraveled
R_2ziPbXOxEuK2R6k,92,1,7,7,7,3,4,3.5,3,4,3.5,4,4,4,1,1,0.61,3.65,352,10.23,0,4.26,3.12,0.28,1.42,7.67,6.53,3.69,12.5,25.85,13.35,0.03406,0.04954,0.18885,0.32198,0.14241,0.06502,0.05263,0.04954,0.07121,0.02477,0.01858,0.14551,0.04954,0.01858,0.06502,0.03096,0.39319,0.13003,0.02477,0.12384,Joe Nichols_Yeah,15.95,0,0,4.84,0,0,1.42,1.14,0.28,0,0,0.28,Joe Nichols,Yeah
R_2ANmkTJI0uS9I9G,93,1,7,7,7,4,3,3.5,2,3,2.5,2,3,2.5,2,0,1.62,2.52,628,5.25,0.32,4.14,0.32,0.16,3.98,6.05,7.8,6.69,17.83,14.65,3.5,0.04223,0.03455,0.11708,0.0595,0.09021,0.07486,0.02687,0.11516,0.40499,0.03455,0.02879,0.0595,0.06142,0.25144,0.09021,0.07869,0.04223,0.06526,0.24184,0.08061,Anderson Paak_Bubblin',7.17,0.8,0.16,0.48,0.32,0.8,3.98,2.23,1.75,0.16,1.11,0.16,Anderson Paak,Bubblin'
R_2QyeGW8NZnO7xRK,94,1,7,7,7,6,6,6,7,7,7,4,4,4,1,1,2.96,1.18,338,13.02,0,4.14,0,0.3,7.4,15.09,2.37,5.92,14.2,22.78,3.85,0.0361,0.06137,0.38989,0.05776,0.09025,0.1769,0.03971,0.02888,0.05776,0.06137,0.04693,0.21661,0.16606,0.11552,0.02527,0.12274,0.09747,0.05776,0.0361,0.11552,Austin Burke_A whole lotta love,9.47,0.3,0,0,0,2.96,7.4,3.25,4.14,2.37,1.18,0,Austin Burke,A whole lotta love
R_2B36DLAIbbglwiD,95,1,7,7,7,4,4,4,3,3,3,4,4,4,2,0,1.66,2.48,290,0.69,2.76,4.14,0,0,8.97,5.52,2.41,11.03,19.31,9.66,5.86,0.0299,0.02326,0.02326,0.03654,0.04983,0.0299,0.12292,0.0299,0.05648,0.59801,0.18605,0.04651,0.03654,0.43854,0.09635,0.0299,0.04651,0.02326,0.02326,0.07309,Bob Marley_Exodus,13.79,0.34,0,0,0.69,2.76,8.97,6.9,2.07,0.69,0.69,0,Bob Marley,Exodus
R_TmXCX0nZcYYtMAh,96,1,5,5,5,4,3,3.5,1,1,1,2,2,2,1,1,2.87,1.23,244,1.23,1.64,4.1,0.82,0.41,3.28,1.23,5.33,5.33,20.49,10.66,0.82,0.05021,0.0795,0.03347,0.05021,0.03766,0.05021,0.0795,0.06276,0.38912,0.16736,0.39331,0.08787,0.05021,0.14644,0.11297,0.04603,0.03347,0.05021,0.04184,0.03766,U2_one tree hill,8.2,0,0,0,0.82,2.46,3.28,2.05,1.23,0,0.82,0.41,U2,one tree hill
R_RqPVGFDRM0P4BGh,97,1,7,7,7,7,7,7,7,7,7,6,6,6,2,0,2.37,1.58,253,9.09,2.77,3.95,0,0,5.53,17.79,1.98,9.49,16.21,21.34,1.58,0.04255,0.05532,0.03404,0.02979,0.11915,0.24255,0.06383,0.02553,0.08511,0.30213,0.19574,0.07234,0.20851,0.05532,0.05532,0.10638,0.02553,0.10213,0.04681,0.13191,Tool_sober,10.28,1.19,0,0.79,0.4,2.77,5.53,2.37,3.16,0,1.98,1.19,Tool,sober
R_SK52dOMCvXJpzuF,98,1,6,6,6,5,5,5,6,6,6,6,5,5.5,2,0,1.39,2.48,284,14.44,0.7,3.87,0,0,2.82,9.86,3.17,15.14,22.89,21.83,1.06,0.02917,0.04583,0.05417,0.02917,0.08333,0.14583,0.1,0.04167,0.38333,0.0875,0.075,0.0625,0.04167,0.30417,0.08333,0.125,0.075,0.08333,0.04167,0.10833,drake_one dance,8.8,0.7,0.35,0,0,3.52,2.82,2.11,0.7,0,0.35,0.35,drake,one dance
R_2y8cK0EsOUPHG2u,99,1,7,7,7,5,5,5,1,1,1,5,2,3.5,2,0,1.54,2.32,389,14.4,0,3.86,0,0.77,1.29,5.91,4.88,10.8,11.57,23.14,0.77,0.01719,0.02865,0.03725,0.02292,0.09742,0.13754,0.01433,0.02292,0.59312,0.02865,0.05158,0.04298,0.08023,0.23209,0.12607,0.06877,0.03152,0.01433,0.24642,0.10602,The Killers_The Man,21.34,1.8,0,0,9.77,1.03,1.29,0.26,1.03,0,0.77,0,The Killers,The Man
R_3k220QsnWyGP914,100,1,6,6,6,5,6,5.5,6,5,5.5,6,5,5.5,2,0,3,0.8,237,8.86,0.42,3.8,0,1.27,13.08,21.1,2.95,6.33,13.5,23.21,1.69,0.03587,0.287,0.06278,0.03139,0.1435,0.27803,0.03587,0.02691,0.03587,0.06278,0.11211,0.03587,0.24664,0.05381,0.06726,0.10762,0.04036,0.10762,0.05381,0.17489,Kane Brown_Heaven,11.39,0,0,0.42,0,1.27,13.08,11.81,1.27,0,1.27,0,Kane Brown,Heaven
R_3ELpNLg5T2V8ZQp,101,1,6,6,6,5,4,4.5,4,4,4,4,5,4.5,1,1,1.87,1.87,374,8.82,0.8,3.74,1.87,0,5.08,11.23,2.14,5.35,17.38,17.65,3.74,0.03427,0.04673,0.09346,0.04984,0.04673,0.16199,0.37383,0.03427,0.04361,0.11526,0.08411,0.04361,0.25857,0.18692,0.09346,0.09346,0.05919,0.04361,0.01869,0.11838,Queen_bohemian rhapsody,12.3,2.67,0.27,1.87,3.21,1.87,5.08,2.41,2.67,0.27,0.27,0.53,Queen,bohemian rhapsody
R_3g7vY4aWuJ5JmEB,102,1,4,4,4,1,1,1,2,2,2,2,2,2,2,0,2.17,1.57,696,6.9,0,3.74,0.29,0.14,2.16,7.33,5.89,9.48,16.95,17.39,4.17,0.03195,0.04323,0.52444,0.02444,0.06391,0.15226,0.02444,0.03571,0.05075,0.04887,0.01316,0.19361,0.08647,0.02256,0.2782,0.09962,0.09023,0.03947,0.1297,0.04699,nelly_hot in here,8.19,0.72,0.29,0.57,0.29,0.86,2.16,1.58,0.57,0,0.29,0.14,nelly,hot in here
R_3GwZejDQkXNw0A0,103,1,7,7,7,7,1,4,1,1,1,1,1,1,1,1,0.97,2.76,268,15.3,0.37,3.73,0,0,10.82,11.57,1.87,13.06,10.45,25,2.24,0.06114,0.06114,0.03057,0.03493,0.48908,0.08297,0.0524,0.07424,0.03493,0.0786,0.16157,0.0262,0.27948,0.09607,0.10917,0.0262,0.04367,0.05677,0.02183,0.17904,Matthew West_Strong Enough,10.45,0,0,0,0,0.37,10.82,10.07,0.75,0,0,0,Matthew West,Strong Enough
R_w0LxVjKzPuVOtPj,104,1,5,4,4.5,1,1,1,3,2,2.5,2,2,2,2,0,1.37,2.28,220,6.36,4.09,3.64,0,0.45,1.36,6.36,3.18,8.18,29.55,21.82,0,0.04036,0.15695,0.03139,0.03139,0.05381,0.03139,0.08969,0.02691,0.10314,0.43498,0.3991,0.05381,0.06278,0.15247,0.0852,0.0583,0.02691,0.0583,0.03139,0.07175,Adelle_Skyfall,12.27,0,0,0,0,7.27,1.36,0.91,0.45,0,0,0,Adelle,Skyfall
R_OIihDhYfe4zHVxD,105,1,7,7,7,4,4,4,7,7,7,2,2,2,2,0,2.16,1.44,139,0.72,6.47,3.6,0,0,6.47,3.6,4.32,12.23,12.95,10.79,2.88,0.0679,0.09259,0.0679,0.03704,0.04321,0.12963,0.07407,0.08025,0.1358,0.2716,0.27778,0.17284,0.04938,0.14198,0.11728,0.04321,0.03704,0.06173,0.06173,0.03704,Led Zeppelin_The Immigrant Song,11.51,0,0,0,0,6.47,6.47,2.88,3.6,0,1.44,2.16,Led Zeppelin,The Immigrant Song
R_1LTkMde51zmyQ9l,106,1,7,7,7,4,4,4,2,2,2,6,6,6,2,0,1.29,2.29,447,11.86,0.22,3.58,1.34,1.34,7.38,11.86,2.68,7.83,11.41,24.61,8.95,0.04,0.0475,0.405,0.065,0.0575,0.07,0.0325,0.19,0.0575,0.035,0.065,0.0375,0.1225,0.045,0.0275,0.0325,0.05,0.1275,0.41,0.0825,Kanye West _Yikes,12.3,0.67,0.22,1.57,0.89,2.24,7.38,0.22,7.16,2.68,3.36,0,Kanye West ,Yikes
R_1GIi17a4yA2hoUq,107,1,7,7,7,7,7,7,7,7,7,7,7,7,1,1,1.16,2.31,346,11.56,0.29,3.47,0,0,4.62,10.69,5.2,9.83,17.34,22.25,11.27,0.02389,0.09898,0.03413,0.03072,0.1058,0.0273,0.03072,0.03413,0.07509,0.53925,0.18089,0.05119,0.45734,0.0273,0.02389,0.02389,0.02048,0.1058,0.01706,0.09215,In the Air Tonight_Phil Collins,5.2,0,0.29,0,0,0.87,4.62,3.18,1.45,0.29,0.29,0.29,In the Air Tonight,Phil Collins
R_RqncVCR7UIzMIgx,108,1,5,5,5,3,2,2.5,2,5,3.5,5,5,5,2,0,1.7,1.57,428,20.56,0,3.27,0,0.47,4.91,8.88,4.91,3.04,12.38,30.14,5.14,0.04082,0.01749,0.10787,0.39067,0.07289,0.06706,0.03207,0.08746,0.1312,0.05248,0.02915,0.07289,0.04373,0.04082,0.10496,0.05831,0.0758,0.07289,0.43149,0.06997,Post Malone_White Iverson,5.14,0,0,0.23,0.7,0,4.91,1.87,3.04,0,2.34,0.7,Post Malone,White Iverson
R_1I77m9Rz3qO8kaU,109,1,7,7,7,5,2,3.5,2,2,2,2,2,2,1,1,0.88,2.34,311,8.36,2.25,3.22,0,0.64,3.22,11.58,7.4,8.36,21.86,18.97,1.61,0.06429,0.11429,0.09643,0.03571,0.04643,0.34643,0.03214,0.03214,0.175,0.05714,0.09286,0.07857,0.24286,0.14286,0.12143,0.08571,0.075,0.03214,0.04286,0.08571,Ed Sheeran_Dancing in the Dark,13.5,1.93,0,0,0.64,5.47,3.22,1.29,1.93,0.64,0,0.32,Ed Sheeran,Dancing in the Dark
R_31pJRhrjQL9n2s8,110,1,5,5,5,1,5,3,1,1,1,1,1,1,1,1,2.5,0.71,560,10.71,0,3.21,0.36,0.54,5.54,13.57,2.86,5.89,20,18.75,2.14,0.02592,0.07775,0.0432,0.01728,0.07991,0.07991,0.62419,0.01512,0.01296,0.02376,0.08855,0.01728,0.12959,0.07343,0.17927,0.06695,0.0216,0.33261,0.03456,0.05616,Florence + the machine_delilah,8.63,0.72,0,1.08,0.18,0.72,5.54,3.04,2.5,0,0,0,Florence + the machine,delilah
R_8eTn4R0fhJaTpZL,111,1,5,5,5,2,1,1.5,2,4,3,1,1,1,2,0,0.83,2.33,443,13.09,0,3.16,0,0,7.9,12.64,5.42,2.71,16.7,18.96,2.03,0.01596,0.04255,0.03457,0.03989,0.14362,0.05053,0.55053,0.02926,0.06117,0.03191,0.1516,0.04521,0.11436,0.28191,0.04255,0.04255,0.05585,0.03723,0.04787,0.18085,tim mcgraw_last dollar,5.64,0,0.23,0,0,0.45,7.9,7,0.9,0.23,0.23,0.23,tim mcgraw,last dollar
R_3CBonYD6ICkGJo7,112,1,7,7,7,7,4,5.5,7,7,7,2,1,1.5,2,0,0.57,2.57,350,6,3.71,3.14,0,0.29,4.86,12.57,3.14,11.14,20,17.71,2.29,0.0283,0.08805,0.04403,0.03774,0.12264,0.0566,0.14151,0.08805,0.16352,0.22956,0.13208,0.08176,0.13836,0.15723,0.09748,0.06604,0.0283,0.13522,0.02201,0.14151,Jonathan Young_Odd Future,10.06,0,0,0,0,4.6,4.86,3.71,1.14,0,0.57,0.29,Jonathan Young,Odd Future
R_3ndfNP6pasewhY2,113,1,6,6,6,6,6,6,6,6,6,6,5,5.5,1,1,0.56,2.5,360,4.72,4.72,3.06,0,0,12.22,2.22,23.33,5.28,13.61,12.78,0.28,0.0184,0.72699,0.02761,0.03374,0.02454,0.02147,0.03681,0.01534,0.04908,0.04601,0.53681,0.04908,0.02761,0.05828,0.04908,0.03374,0.17178,0.03374,0.02454,0.01534,Rihanna_Diamonds In The Sky,7.78,0,0,0,0,4.72,12.22,12.22,0,0,0,0,Rihanna,Diamonds In The Sky
R_1LMz9sgaZzN2onz,114,1,5,5,5,5,5,5,5,5,5,5,5,5,2,0,1.78,1.25,297,5.39,0,3.03,0,0,3.03,0.34,0.34,0,0.67,8.42,4.04,0.73896,0.02008,0.03213,0.03614,0.0241,0.02008,0.03614,0.03213,0.02811,0.03213,0.72289,0.03213,0.0241,0.03213,0.02811,0.03614,0.04016,0.03213,0.02811,0.0241,Bad Bunny_Amorfoda,3.03,0,0,0,0,0,3.03,2.02,1.01,0,0,0,Bad Bunny,Amorfoda
R_2RXq7Ta8yOrPk2a,115,1,4,4,4,3,4,3.5,4,4,4,5,4,4.5,1,1,1.78,1.25,297,5.39,0,3.03,0,0,3.03,0.34,0.34,0,0.67,8.42,4.04,0.73896,0.02008,0.03213,0.03614,0.0241,0.02008,0.03614,0.03213,0.02811,0.03213,0.72289,0.03213,0.0241,0.03213,0.02811,0.03614,0.04016,0.03213,0.02811,0.0241,Bab bonny_Amorfoda,3.03,0,0,0,0,0,3.03,2.02,1.01,0,0,0,Bab bonny,Amorfoda
R_2ubSN7FFSc9QHhD,116,1,7,7,7,6,6,6,7,6,6.5,6,6,6,1,1,1.64,1.32,135,11.85,0,2.96,0,0,3.7,5.19,2.22,3.7,24.44,15.56,20,0.07143,0.15873,0.19048,0.11111,0.06349,0.05556,0.11111,0.05556,0.09524,0.0873,0.07143,0.29365,0.07143,0.07937,0.07937,0.15079,0.09524,0.07937,0.03968,0.03968,Journey_Lights,3.7,0,0.74,0,0,0.74,3.7,1.48,2.22,0,0,2.22,Journey,Lights
R_SK4NVIxoX7K1rlD,117,1,6,7,6.5,4,5,4.5,3,4,3.5,2,2,2,2,0,2.08,0.88,1049,3.81,0.95,2.96,0,0.48,6.48,4.48,5.62,9.63,11.92,11.82,2.67,0.03813,0.06209,0.08715,0.02614,0.02397,0.06754,0.08388,0.22985,0.25381,0.12745,0.14161,0.12418,0.07298,0.22658,0.03813,0.04466,0.04248,0.03595,0.26035,0.01307,Wu Tang Clan_Triumph,7.82,0.29,0,0.29,0.48,2,6.48,2.86,3.62,0.1,2.38,0.29,Wu Tang Clan,Triumph
R_3iWpHAokHIvB2gC,118,1,7,7,7,4,4,4,3,3,3,5,5,5,1,1,0,2.73,183,1.64,0,2.73,0,0,4.37,6.56,0.55,7.65,20.77,5.46,0.55,0.04663,0.05181,0.07772,0.06736,0.05181,0.04663,0.0829,0.05181,0.48705,0.03627,0.04663,0.31606,0.06736,0.07254,0.16062,0.04663,0.05699,0.04145,0.12953,0.06218,Ike and Tina Turner_Proud Mary,6.04,0,0,0.55,0.55,0,4.37,3.28,1.09,0.55,0,0.55,Ike and Tina Turner,Proud Mary
R_shdSHxcedIIUvO9,119,1,6,7,6.5,6,7,6.5,6,7,6.5,6,7,6.5,2,0,0,2.71,221,0,5.88,2.71,0,0.9,6.79,8.6,3.17,13.57,13.57,14.03,1.36,0.05286,0.08811,0.05727,0.06167,0.13216,0.06167,0.09251,0.14097,0.25551,0.05727,0.0837,0.06167,0.15859,0.18502,0.06608,0.03965,0.05727,0.19383,0.09251,0.06167,billy idol_punk rock,16.74,0.45,0,0,0,7.69,6.79,2.71,4.07,0,1.81,0.45,billy idol,punk rock
R_DLUBQB1cRmAgeg9,120,1,2,2,2,2,1,1.5,4,4,4,2,6,4,1,1,0.25,2.45,370,1.35,0.54,2.7,0,0,1.35,5.14,5.95,3.78,7.57,8.92,6.76,0.02201,0.05975,0.01887,0.02516,0.05975,0.0283,0.67925,0.03145,0.04403,0.03145,0.57547,0.05975,0.04717,0.03145,0.01887,0.02516,0.06604,0.02201,0.0283,0.12579,Ylvis_The Fox,12.43,4.32,0.27,0.27,4.05,1.62,1.35,1.08,0,0,0,0,Ylvis,The Fox
R_1BOPPir3F1zK1Ff,121,1,6,7,6.5,2,3,2.5,2,2,2,3,3,3,2,0,2.02,0.67,223,7.17,0.45,2.69,0.9,0,4.93,7.17,1.79,3.14,23.32,17.04,5.83,0.06364,0.07727,0.08636,0.10455,0.09545,0.04545,0.28636,0.1,0.04091,0.1,0.08182,0.25,0.16818,0.06364,0.07273,0.08636,0.06818,0.04091,0.06818,0.1,Joe Bonamassa_Slow Train,6.28,1.79,0,2.24,0.45,0.45,4.93,3.14,1.79,0,0.45,1.35,Joe Bonamassa,Slow Train
R_Wq9NCN9GbVrtVFD,122,1,7,7,7,3,4,3.5,5,6,5.5,3,3,3,2,0,0,2.59,270,15.56,0.37,2.59,0,0.37,1.85,15.56,3.33,4.44,32.22,21.48,2.22,0.04545,0.05372,0.05785,0.02893,0.08264,0.08264,0.11983,0.04545,0.05785,0.42562,0.17355,0.02893,0.16529,0.07025,0.02479,0.08678,0.02479,0.30165,0.02893,0.09504,Foo Fighters_Walk,6.3,0,0,0,0,0.74,1.85,1.11,0.74,0,0,0.74,Foo Fighters,Walk
R_2dHqiF2LJ37Ypze,123,1,6,6,6,4,2,3,1,3,2,2,2,2,1,1,1.23,1.23,284,5.99,4.23,2.46,0,0.35,5.63,10.92,3.52,10.56,15.49,16.55,0.7,0.04297,0.16016,0.09375,0.05859,0.08203,0.10547,0.05469,0.07422,0.18359,0.14453,0.05859,0.21094,0.08203,0.11719,0.03906,0.14063,0.07031,0.16016,0.07422,0.04688,Fall Out Boy_27,8.8,0,0.35,0,0,4.58,5.63,3.87,1.76,0,0.7,0,Fall Out Boy,27
R_ehx9DWAtrRner5v,124,1,7,7,7,7,7,7,6,6,6,6,7,6.5,1,1,1.15,1.29,328,9.45,6.4,2.44,0.3,0,0.3,11.28,7.01,10.67,22.87,21.34,0,0.03729,0.42034,0.06441,0.02034,0.09153,0.04407,0.05424,0.02034,0.15932,0.08814,0.18644,0.15593,0.13559,0.08136,0.12881,0.05424,0.04407,0.10847,0.03051,0.07458,Fun_We are young,12.8,0,0.91,0.3,0,7.32,0.3,0.3,0,0,0,0,Fun,We are young
R_1fl2YvO2wWp4Pzj,125,1,6,6,6,4,4,4,3,3,3,6,6,6,2,0,0.26,2.11,380,4.21,3.16,2.37,2.37,0.79,7.11,7.37,6.05,7.37,9.47,17.37,6.58,0.02365,0.125,0.12162,0.09797,0.09797,0.05068,0.16892,0.08446,0.14189,0.08784,0.06081,0.19257,0.14865,0.16216,0.05068,0.0473,0.08108,0.12838,0.06757,0.06081,Billy Joel_Piano Man,14.21,0.53,0.26,0.26,4.21,4.21,7.11,5.26,1.05,0,0.26,0.79,Billy Joel,Piano Man
R_u7VLxr89nCpMlTH,126,1,6,5,5.5,3,4,3.5,3,4,3.5,4,3,3.5,2,0,0.26,2.11,380,4.21,3.16,2.37,2.37,0.79,7.11,7.37,6.05,7.37,9.47,17.37,6.58,0.02365,0.125,0.12162,0.09797,0.09797,0.05068,0.16892,0.08446,0.14189,0.08784,0.06081,0.19257,0.14865,0.16216,0.05068,0.0473,0.08108,0.12838,0.06757,0.06081,Billy Joel_Piano Man,14.21,0.53,0.26,0.26,4.21,4.21,7.11,5.26,1.05,0,0.26,0.79,Billy Joel,Piano Man
R_r6XjNKcPgrx6CUV,127,1,5,6,5.5,4,5,4.5,5,6,5.5,6,5,5.5,1,1,1.55,0.78,129,0,0,2.33,0,0,2.33,1.55,0.78,0.78,1.55,2.33,0,0.04027,0.08054,0.05369,0.04698,0.0604,0.05369,0.50336,0.0604,0.04698,0.05369,0.55034,0.03356,0.04698,0.04698,0.04698,0.04698,0.04027,0.07383,0.0604,0.05369,salman_jai ho,3.1,0,0,0,0,0.78,2.33,2.33,0,0,0,0,salman,jai ho
R_2WOKS7ncdLbt9t6,128,1,6,6,6,1,1,1,1,1,1,1,1,1,2,0,1.73,0.58,260,1.15,0.38,2.31,0,0,6.54,3.85,8.46,9.23,25.77,11.15,1.92,0.0751,0.04743,0.05929,0.02767,0.05138,0.09881,0.05534,0.43874,0.09486,0.05138,0.3083,0.16206,0.07115,0.07115,0.11067,0.07115,0.05138,0.04743,0.06719,0.03953,Gorillaz_Stylo,6.15,0,0,0.38,0.38,2.69,6.54,4.62,1.15,0,0,0.38,Gorillaz,Stylo
R_24BNlAvTwADqw1a,129,1,5,2,3.5,4,4,4,3,5,4,6,5,5.5,2,0,0,2.27,264,4.92,1.52,2.27,0,0,5.3,18.56,10.98,4.55,12.5,17.8,0.76,0.03226,0.60484,0.03629,0.03226,0.06452,0.03629,0.06048,0.04032,0.03629,0.05645,0.06452,0.05242,0.42742,0.08468,0.06048,0.05242,0.03226,0.14919,0.02823,0.04839,Micheal Jackson_Stranger in moscow,6.82,1.14,0,0,0.38,1.52,5.3,1.14,4.17,0,0,2.27,Micheal Jackson,Stranger in moscow
R_1PdEsc2YYRvzPlt,130,1,4,4,4,5,4,4.5,4,4,4,4,4,4,1,1,0.78,1.46,535,7.48,0.93,2.24,0.19,0.37,1.12,8.22,2.06,6.73,9.16,14.77,7.66,0.38479,0.02304,0.02995,0.1129,0.03226,0.21429,0.053,0.0553,0.07143,0.02304,0.02765,0.02304,0.02535,0.02995,0.05991,0.1129,0.08525,0.04608,0.54147,0.04839,jlo_money,6.54,0.19,0.19,0.37,0.37,1.5,1.12,0.37,0.75,0,0.56,0,jlo,money
R_2YihJsF4J8YzM7e,131,1,7,7,7,3,3,3,5,6,5.5,3,4,3.5,1,1,1.09,1.09,599,5.51,0.33,2.17,0.33,0,9.18,2.67,1.67,23.04,28.71,12.02,13.69,0.0406,0.01496,0.0406,0.59402,0.02778,0.05769,0.04915,0.07479,0.0641,0.03632,0.02137,0.01709,0.05769,0.31838,0.14744,0.05342,0.04701,0.02564,0.29274,0.01923,Kendrick Lamar_Humble,4.67,0.17,0.17,0.33,0.83,0.5,9.18,1,8.18,0,7.85,0,Kendrick Lamar,Humble
R_2CDo0MsbpRkjbdk,132,1,7,7,7,4,5,4.5,4,3,3.5,4,4,4,1,1,2.16,0,278,16.91,0,2.16,0,0,9.35,13.31,5.4,4.32,15.83,20.14,1.08,0.02128,0.50638,0.0383,0.0383,0.08511,0.05532,0.06809,0.0383,0.10213,0.04681,0.08936,0.02128,0.43404,0.1617,0.02979,0.07234,0.02979,0.0766,0.02553,0.05957,marshmello_silence ,8.27,0,0.36,0,0,1.44,9.35,4.68,4.68,0,1.44,0.36,marshmello,silence
R_WkOViNdYMrIUvu1,133,1,7,7,7,7,1,4,1,1,1,1,1,1,1,1,0.54,1.61,187,0,0.53,2.14,2.14,0,9.09,8.56,1.6,9.63,22.46,6.95,0.53,0.05102,0.05612,0.05102,0.04082,0.03061,0.04592,0.04082,0.03571,0.55102,0.09694,0.05612,0.06122,0.06122,0.04592,0.02551,0.12245,0.43367,0.11224,0.04082,0.04082,RENT cast_Seasons of Love,14.97,0,1.07,1.6,1.6,9.09,9.09,8.56,0.53,0,0,0.53,RENT cast,Seasons of Love
R_1g6ATuYqwhaREK6,134,1,6,6,6,4,4,4,5,4,4.5,6,6,6,2,0,1.02,1.02,740,4.59,2.57,2.03,0.27,0.81,5.14,10.41,3.11,9.19,16.22,20,4.86,0.04414,0.04584,0.10017,0.06791,0.0781,0.09677,0.10526,0.04244,0.35823,0.06112,0.05263,0.04244,0.13582,0.18506,0.11036,0.04244,0.04754,0.1545,0.1562,0.07301,2Pac_Changes,10.14,1.08,0,0.27,1.08,3.92,5.14,2.3,2.84,0.14,1.76,0.14,2Pac,Changes
R_2pXJchEKtEFu7ZP,135,1,7,7,7,7,7,7,7,7,7,7,7,7,1,1,0.75,1.25,450,13.56,0.22,2,0,0.22,4.67,7.78,1.56,10.22,15.33,26.89,1.11,0.03725,0.08309,0.11748,0.01433,0.06877,0.09742,0.09169,0.03725,0.41547,0.03725,0.05731,0.03725,0.10602,0.2808,0.24642,0.08309,0.04871,0.06877,0.02579,0.04585,Imagine Dragons_Whatever it Takes,6.67,0.44,0,0,0.44,2.44,4.67,3.33,1.33,0.44,0,0.67,Imagine Dragons,Whatever it Takes
R_stKK7iLSQPirilr,136,1,7,7,7,7,1,4,7,7,7,4,4,4,1,1,0.75,1.25,450,13.56,0.22,2,0,0.22,4.67,7.78,1.56,10.22,15.33,26.89,1.11,0.03725,0.08309,0.11748,0.01433,0.06877,0.09742,0.09169,0.03725,0.41547,0.03725,0.05731,0.03725,0.10602,0.2808,0.24642,0.08309,0.04871,0.06877,0.02579,0.04585,Imagine Dragons_Whatever it Takes,6.67,0.44,0,0,0.44,2.44,4.67,3.33,1.33,0.44,0,0.67,Imagine Dragons,Whatever it Takes
R_3HoVyQgHiPCLy6u,137,1,6,7,6.5,6,7,6.5,6,6,6,5,6,5.5,2,0,1.08,0.85,672,14.14,0,1.93,2.38,0.3,4.91,9.82,6.85,8.33,15.77,22.47,1.19,0.02996,0.05056,0.31086,0.05056,0.09363,0.11236,0.03371,0.03558,0.16292,0.11985,0.06929,0.05056,0.11236,0.14045,0.02809,0.07491,0.17041,0.07865,0.11049,0.16479,j cole _kevin heart ,8.63,0.6,0.15,3.12,0.15,1.49,4.91,2.38,2.53,0.74,0.74,0.15,j cole ,kevin heart
R_xa7xpWv7G26aWzL,138,1,6,6,6,3,6,4.5,1,6,3.5,5,7,6,1,1,0.63,1.2,654,8.87,0.46,1.83,1.07,0.61,5.05,9.63,3.06,5.81,21.71,17.28,0.92,0.02836,0.04348,0.17202,0.0189,0.09263,0.06994,0.29868,0.06994,0.11531,0.09074,0.13611,0.05293,0.1172,0.16446,0.0794,0.07183,0.0397,0.1758,0.09641,0.06616,Tupac_Broken wings,7.65,0.76,0.15,0.92,0.76,1.53,5.05,2.91,2.14,0.46,0.61,0.46,Tupac,Broken wings
R_2SB6SbNQ30K1o8S,139,1,7,7,7,5,7,6,7,7,7,7,7,7,1,1,0.19,1.57,852,16.08,0,1.76,2.35,0.12,2.46,12.68,2.93,4.11,13.38,23.94,1.64,0.03722,0.02427,0.63754,0.06149,0.03883,0.04207,0.04045,0.04693,0.04693,0.02427,0.03236,0.13269,0.04854,0.06796,0.01942,0.03398,0.15372,0.35922,0.0712,0.08091,cee lo_i wish,9.86,0,0.23,3.4,0.35,0.47,2.46,2,0.47,0.12,0,0,cee lo,i wish
R_32IVkUbPxRAe0wQ,140,1,7,7,7,7,5,6,7,7,7,5,6,5.5,2,0,1.75,0,285,9.12,0,1.75,1.4,0,7.37,7.37,5.96,9.47,1.4,19.3,29.47,0.03802,0.02281,0.01901,0.70342,0.02281,0.06464,0.03802,0.01901,0.03042,0.04183,0.02281,0.03042,0.02281,0.02662,0.13308,0.03802,0.61217,0.02281,0.01901,0.07224,Devo_Uncontrollable Urge,7.37,0,0,0,1.4,0,7.37,0.7,6.67,4.21,0,0.7,Devo,Uncontrollable Urge
R_eKvknAGtJbkZ5PX,141,1,7,7,7,2,2,2,2,2,2,2,2,2,1,1,0.43,1.3,346,5.2,1.16,1.73,2.89,2.31,6.94,7.23,6.65,7.23,18.79,16.18,0.58,0.05625,0.11563,0.32813,0.0625,0.075,0.05313,0.06875,0.07813,0.12188,0.04063,0.08438,0.09375,0.12188,0.21875,0.06875,0.01563,0.08438,0.21875,0.04375,0.05,Eagles_Hotel California,13.91,0,0.29,2.32,0.87,3.19,6.94,6.36,0.58,0,0.58,0,Eagles,Hotel California
R_1FbpxzRQ8WIJj30,142,1,7,7,7,4,4,4,5,5,5,4,5,4.5,1,1,1.3,0.43,462,5.84,0.22,1.73,1.3,0.22,5.84,5.19,1.08,2.38,11.26,13.85,11.04,0.03286,0.05634,0.05869,0.08685,0.02113,0.02347,0.50469,0.11268,0.06338,0.03991,0.07042,0.03286,0.02582,0.06338,0.07746,0.02582,0.09624,0.0493,0.53052,0.02817,snoop dogg_whats my name,4.98,0,0,0.22,1.3,0.22,5.84,3.03,2.81,0.22,2.38,0.22,snoop dogg,whats my name
R_bQN3VxxbZ9Jm8uZ,143,1,7,7,7,4,4,4,2,1,1.5,5,3,4,1,1,0.41,1.24,729,8.78,1.65,1.65,3.7,0.14,6.17,12.48,3.43,7.27,15.09,21.4,3.29,0.04326,0.03993,0.41597,0.04659,0.10982,0.10316,0.06323,0.05324,0.07488,0.04992,0.01997,0.03328,0.11148,0.0599,0.0416,0.09318,0.14309,0.26955,0.13644,0.09151,ed sheeran_dont,13.46,0.27,1.79,3.43,0.69,4.4,6.17,3.02,3.16,0.41,2.33,0.27,ed sheeran,dont
R_2BeBsr3dYS2N2V0,144,1,7,7,7,3,5,4,2,2,2,2,2,2,1,1,0.68,0.95,921,5.97,0.33,1.63,1.63,1.41,4.56,3.58,2.61,5.43,14.22,14.55,8.03,0.01506,0.01882,0.05019,0.04893,0.02509,0.02008,0.02635,0.74906,0.02384,0.02258,0.0138,0.04015,0.02008,0.03262,0.03639,0.02384,0.06524,0.02384,0.72522,0.01882,Cardi B _Drip ,7.82,0.43,0.33,1.85,0.54,0.98,4.56,0.87,3.69,0,3.47,0.11,Cardi B ,Drip
R_1QsWSrJlEQVRbIo,145,1,6,6,6,6,6,6,6,5,5.5,5,6,5.5,2,0,1.6,0,187,6.42,0,1.6,0.53,0,0.53,3.21,1.6,5.88,21.39,11.23,2.14,0.05464,0.03279,0.13661,0.03279,0.0765,0.03825,0.44262,0.04918,0.0929,0.04372,0.12568,0.13661,0.04372,0.06557,0.21858,0.03825,0.04918,0.15847,0.11475,0.04918,born on the bayou- ccr_sweet child of mine - guns n roses,8.02,1.07,0,0.53,4.28,0,0.53,0.53,0,0,0,0,born on the bayou- ccr,sweet child of mine - guns n roses
R_2789k4G6JZ71TtY,146,1,7,7,7,1,1,1,1,1,1,3,2,2.5,2,0,0.22,1.34,450,9.56,0,1.56,1.33,1.33,5.56,5.33,2,6.22,15.33,17.56,6.89,0.03989,0.05319,0.06383,0.02926,0.03989,0.10372,0.02926,0.58245,0.03191,0.0266,0.08753,0.05305,0.06897,0.03979,0.04509,0.05305,0.09019,0.05836,0.44297,0.06101,Nicki Minaj_Chun Li,10.24,0.22,1.34,0.45,4.23,1.11,5.56,0.89,4.67,0,3.56,0.22,Nicki Minaj,Chun Li
R_1pSRCTic6iQQlGO,147,1,7,7,7,1,1,1,1,1,1,4,4,4,1,1,0.31,1.23,649,4.47,0.92,1.54,0.15,0.62,1.85,3.7,2.62,5.86,19.88,12.79,4.78,0.0233,0.02867,0.0233,0.07348,0.04659,0.03763,0.0448,0.66129,0.04122,0.01971,0.02151,0.04122,0.01792,0.07348,0.11111,0.01792,0.06631,0.01613,0.5914,0.04301,Migos_Stirfry,5.55,0,0.46,0.15,0.46,1.54,1.85,0.77,1.08,0,0.62,0.46,Migos,Stirfry
R_2t9TpNltX9lEzpP,148,1,6,7,6.5,4,3,3.5,7,7,7,4,5,4.5,1,1,1.13,0.38,267,13.86,0.75,1.5,1.12,0.37,12.73,11.99,5.99,13.48,5.62,28.46,0.37,0.0514,0.3785,0.03738,0.09813,0.12617,0.11682,0.0514,0.0514,0.03738,0.0514,0.04206,0.04673,0.1028,0.07477,0.04206,0.18692,0.10748,0.17757,0.03271,0.18692,Katy Perry_I Kissed a Girl,12.36,0,2.25,5.24,2.25,7.12,12.73,10.86,1.87,0.37,0,0.37,Katy Perry,I Kissed a Girl
R_3ffs2JHDBBeqovs,149,1,6,6,6,6,6,6,2,2,2,6,6,6,1,1,0,1.3,230,10.43,0,1.3,0.43,0,6.52,10.87,7.39,6.09,18.26,16.09,0,0.07727,0.11818,0.07727,0.05,0.09545,0.06818,0.13182,0.08182,0.19545,0.10455,0.21818,0.10455,0.10455,0.13182,0.04545,0.05,0.09091,0.17273,0.04091,0.04091,Dan Fogelberg_Netherlands,4.35,0,0.87,0.43,0,1.3,6.52,5.65,0.87,0.43,0,0.43,Dan Fogelberg,Netherlands
R_1LusDKAnSenWxpn,150,1,7,7,7,3,3,3,4,3,3.5,3,2,2.5,2,0,0,1.27,79,5.06,0,1.27,0,1.27,3.8,2.53,1.27,7.59,21.52,8.86,0,0.12281,0.16667,0.0614,0.07018,0.0614,0.07895,0.07018,0.07018,0.15789,0.14035,0.33333,0.07895,0.07895,0.14035,0.05263,0.05263,0.0614,0.11404,0.04386,0.04386,Slayer_Reign in blood,2.53,0,0,0,0,0,3.8,1.27,2.53,1.27,0,1.27,Slayer,Reign in blood
R_1P1L6tSd8Aqr4Gy,151,1,6,6,6,2,4,3,2,2,2,5,6,5.5,1,1,0.25,0.98,408,10.78,0.49,1.23,2.21,1.23,4.9,11.27,2.45,6.86,11.52,22.3,5.39,0.04598,0.03161,0.18103,0.06897,0.10632,0.09195,0.04023,0.25287,0.12069,0.06034,0.05172,0.03736,0.05172,0.08908,0.08908,0.0431,0.12356,0.10345,0.32471,0.08621,Drake_I'm Upset,9.31,0.49,0.25,2.94,0.49,1.47,4.9,2.7,2.21,0.74,1.47,0,Drake,I'm Upset
R_1dyS794PxabQkGH,152,1,7,7,7,7,7,7,7,7,7,7,6,6.5,2,0,0.61,0.61,165,4.85,0,1.21,10.91,0.61,3.64,7.27,4.85,9.09,23.03,18.79,0.61,0.0618,0.06742,0.17978,0.04494,0.11798,0.05056,0.15169,0.17978,0.06742,0.07865,0.03933,0.16292,0.07303,0.12921,0.14045,0.03933,0.07303,0.20787,0.07865,0.05618,Sammy Davis_Mr Bojangles,22.42,0,0,0,13.94,2.42,3.64,1.21,2.42,1.21,0,1.21,Sammy Davis,Mr Bojangles
R_21vxvmOmYlmLFeV,153,1,6,6,6,6,5,5.5,6,6,6,4,5,4.5,1,1,0.2,1.01,412,5.1,2.91,1.21,0,0.49,2.67,12.86,5.58,5.83,24.27,17.96,1.7,0.05177,0.03815,0.40599,0.01907,0.04087,0.06812,0.06812,0.04087,0.18256,0.08447,0.04632,0.21526,0.04905,0.0436,0.10899,0.04905,0.0545,0.3733,0.02725,0.0327,keith urban_wasted time,7.06,0,0,0,0,3.16,2.67,2.43,0.24,0,0,0,keith urban,wasted time
R_12KLir6Pw5UeC2q,154,1,5,6,5.5,5,6,5.5,5,5,5,5,6,5.5,2,0,0.2,0.98,513,9.75,0.39,1.17,1.17,0.19,3.51,21.83,7.41,10.33,29.82,20.47,2.53,0.02683,0.07561,0.09512,0.02439,0.03902,0.06098,0.53659,0.03415,0.0439,0.06341,0.12195,0.07317,0.04146,0.35854,0.11951,0.03171,0.03171,0.15366,0.02439,0.0439,justin bieber_never say never ,11.11,0.19,0,0,1.36,0.58,3.51,1.95,1.56,0,1.56,0,justin bieber,never say never
R_1F32ZDK54mujV7c,155,1,6,7,6.5,4,3,3.5,1,2,1.5,2,2,2,1,1,0,1.14,351,11.97,0,1.14,0.57,3.99,6.55,11.68,1.71,8.83,13.68,25.36,3.7,0.02041,0.05102,0.07823,0.2585,0.04422,0.17347,0.07483,0.06463,0.16327,0.07143,0.03741,0.03061,0.11565,0.04762,0.06122,0.06803,0.07823,0.31973,0.18027,0.06122,Drake_God's Plan,8.83,0.57,0,0.85,0.28,1.71,6.55,2.85,3.7,0.28,0.28,0.57,Drake,God's Plan
R_88sTyxBQB5OCGd3,156,1,6,6,6,5,5,5,1,1,1,7,7,7,2,0,0,1.14,351,11.97,0,1.14,0.57,3.99,6.55,11.68,1.71,8.83,13.68,25.36,3.7,0.02041,0.05102,0.07823,0.2585,0.04422,0.17347,0.07483,0.06463,0.16327,0.07143,0.03741,0.03061,0.11565,0.04762,0.06122,0.06803,0.07823,0.31973,0.18027,0.06122,Drake_God's Plan,8.83,0.57,0,0.85,0.28,1.71,6.55,2.85,3.7,0.28,0.28,0.57,Drake,God's Plan
R_1ez3s0T8T81U7nT,157,1,5,5,5,5,6,5.5,3,3,3,6,6,6,1,1,0,1.14,351,11.97,0,1.14,0.57,3.99,6.55,11.68,1.71,8.83,13.68,25.36,3.7,0.02041,0.05102,0.07823,0.2585,0.04422,0.17347,0.07483,0.06463,0.16327,0.07143,0.03741,0.03061,0.11565,0.04762,0.06122,0.06803,0.07823,0.31973,0.18027,0.06122,Drake_God's Plan,8.83,0.57,0,0.85,0.28,1.71,6.55,2.85,3.7,0.28,0.28,0.57,Drake,God's Plan
R_1PRzwHpWCt0xUfD,158,1,4,3,3.5,1,1,1,4,4,4,1,1,1,1,1,0,1.14,351,11.97,0,1.14,0.57,3.99,6.55,11.68,1.71,8.83,13.68,25.36,3.7,0.02041,0.05102,0.07823,0.2585,0.04422,0.17347,0.07483,0.06463,0.16327,0.07143,0.03741,0.03061,0.11565,0.04762,0.06122,0.06803,0.07823,0.31973,0.18027,0.06122,Drake_God's Plan,8.83,0.57,0,0.85,0.28,1.71,6.55,2.85,3.7,0.28,0.28,0.57,Drake,God's Plan
R_1eLuVa2NwvcNaoZ,159,1,1,1,1,1,1,1,1,1,1,5,5,5,1,1,0,1.14,351,11.97,0,1.14,0.57,3.99,6.55,11.68,1.71,8.83,13.68,25.36,3.7,0.02041,0.05102,0.07823,0.2585,0.04422,0.17347,0.07483,0.06463,0.16327,0.07143,0.03741,0.03061,0.11565,0.04762,0.06122,0.06803,0.07823,0.31973,0.18027,0.06122,Drake_God's Plan,8.83,0.57,0,0.85,0.28,1.71,6.55,2.85,3.7,0.28,0.28,0.57,Drake,God's Plan
R_3fqOsnHmePFRe5b,160,1,5,7,6,5,6,5.5,4,6,5,4,3,3.5,2,0,0.64,0.32,313,12.78,0,0.96,0,0,7.67,8.63,4.79,7.03,19.49,18.21,1.28,0.04382,0.03187,0.06773,0.02789,0.10757,0.15538,0.43028,0.04781,0.06375,0.0239,0.04382,0.09562,0.27888,0.17928,0.05578,0.11155,0.03187,0.06375,0.03187,0.10757,First Aid Kit _Silver Lining ,3.83,0,0,0,0,0.64,7.67,4.79,2.88,1.28,0,0.96,First Aid Kit ,Silver Lining
R_u3nkvsy4XYFOjMR,161,1,6,5,5.5,6,4,5,5,6,5.5,3,5,4,1,1,0,0.9,446,13.23,0,0.9,0.22,0,6.5,5.16,8.74,6.5,15.92,18.39,6.73,0.04213,0.06742,0.10955,0.39045,0.0309,0.08146,0.12921,0.0618,0.05899,0.02809,0.02528,0.24719,0.07303,0.08989,0.1573,0.01685,0.18539,0.11517,0.03933,0.05056,Miley Cyrus_Party in the U.S.A,6.5,0,0,0.67,0.22,2.47,6.5,4.93,1.57,0.9,0,0,Miley Cyrus,Party in the U.S.A
R_b1tHS0s3DigX70t,162,1,7,7,7,3,4,3.5,3,2,2.5,6,3,4.5,2,0,0.41,0.41,246,13.01,0,0.81,0,2.03,1.63,8.13,15.04,1.22,18.29,19.51,4.07,0.0303,0.07359,0.11255,0.29004,0.04762,0.1342,0.02597,0.08225,0.09524,0.10823,0.07792,0.12121,0.11688,0.36364,0.05628,0.07359,0.04762,0.07359,0.03896,0.0303,Rolling Stones_Paint it Black,6.1,0.41,0,0.81,0,0.81,1.63,1.63,0,0,0,0,Rolling Stones,Paint it Black
R_A6ApWf0ZnN21yHT,163,1,7,7,7,3,5,4,2,1,1.5,5,7,6, , ,0,0.76,397,7.56,0.76,0.76,0.5,0,4.28,8.06,6.8,9.32,20.65,11.08,2.52,0.03056,0.03333,0.21944,0.05278,0.02778,0.025,0.04722,0.05833,0.47778,0.02778,0.02778,0.475,0.05556,0.05833,0.07778,0.06389,0.09167,0.03889,0.07222,0.03889,Upchurch_Rolling stoned,5.29,0,0.25,0.25,0.25,3.27,4.28,3.02,1.26,0,1.01,0,Upchurch,Rolling stoned
R_3KxznPeR0JlTbk5,164,1,2,1,1.5,1,1,1,1,1,1,4,4,4,2,0,0,0.74,269,16.73,0,0.74,0.37,0,6.69,20.82,5.2,8.55,17.47,28.62,0.37,0.05882,0.52489,0.02715,0.02715,0.09502,0.09955,0.04977,0.03167,0.04977,0.0362,0.08597,0.0543,0.30769,0.0362,0.04072,0.0362,0.05882,0.22624,0.03167,0.12217,Shawn Mendes_in my blood,10.78,0,0,0.37,0,2.6,6.69,4.46,2.23,1.49,0.37,0.74,Shawn Mendes,in my blood
R_2CmpJO0s43MEaj4,165,1,7,7,7,1,1,1,2,1,1.5,1,1,1,2,0,0,0.63,478,0,0,0.63,0,0,6.69,1.88,0.42,0,0.21,1.88,10.67,0.06391,0.02256,0.02256,0.0188,0.76692,0.02256,0.02256,0.0188,0.02256,0.0188,0.03008,0.03383,0.03759,0.03008,0.03759,0.0188,0.04887,0.02256,0.0188,0.7218,the trashmen_surfin' bird,35.15,33.05,0,17.99,15.06,0,6.69,6.69,0,0,0,0,the trashmen,surfin' bird
R_1NkwOTCG6DEhWsV,166,1,7,7,7,1,1,1,1,1,1,1,1,1,2,0,0.62,0,160,5,0.62,0.62,0,0,3.75,1.88,30,11.25,18.12,10,0.62,0.03529,0.03529,0.05882,0.04706,0.03529,0.03529,0.04706,0.05294,0.62353,0.02941,0.14706,0.07647,0.02941,0.07647,0.31765,0.07059,0.05882,0.08235,0.10588,0.03529,Johnny Cash_ring of fire,3.75,0,0,0,0,2.5,3.75,3.12,0.62,0,0.62,0,Johnny Cash,ring of fire
R_pFCHqmHaintIpwJ,167,1,6,7,6.5,2,5,3.5,3,3,3,6,6,6,2,0,0.6,0,166,7.83,0,0.6,10.84,0,10.24,7.23,4.22,7.83,14.46,25.3,2.41,0.0618,0.07303,0.31461,0.06742,0.07865,0.08427,0.1236,0.06742,0.08427,0.04494,0.07865,0.09551,0.07865,0.13483,0.09551,0.07865,0.19101,0.0618,0.09551,0.08989,Jack White_Freedom at 21,12.65,0,0,10.84,0,0,10.24,6.63,3.61,0.6,1.2,0,Jack White,Freedom at 21
R_3lPGGT00inwpiBg,168,1,6,6,6,2,2,2,4,3,3.5,3,3,3,1,1,0.2,0.4,502,9.36,0,0.6,3.59,0.2,0.4,2.99,1,3.78,15.54,15.94,7.97,0.03642,0.03311,0.25166,0.38079,0.03974,0.04636,0.02649,0.06623,0.02649,0.09272,0.05629,0.10927,0.03642,0.04305,0.0298,0.30464,0.07947,0.12583,0.19536,0.01987,Camila Cabello_Havana,8.17,0.4,0.4,0.8,3.78,0.4,0.4,0.2,0.2,0,0.2,0,Camila Cabello,Havana
R_0fHMILCnbBlM2Zz,169,1,7,7,7,6,1,3.5,3,3,3,3,2,2.5,2,0,0.58,0,171,10.53,0,0.58,0,0,2.34,16.37,0,9.94,20.47,18.13,1.17,0.06897,0.04023,0.07471,0.11494,0.0977,0.15517,0.09195,0.08621,0.17816,0.09195,0.07471,0.05747,0.2931,0.1092,0.06897,0.04598,0.07471,0.06322,0.08046,0.13218,Pennywise_Something to change,3.51,0,0,0,0,0.58,2.34,0,2.34,0.58,0,1.75,Pennywise,Something to change
R_3lzdtUHpzLaSd7h,170,1,7,7,7,1,4,2.5,1,1,1,4,1,2.5,1,1,0.57,0,353,15.01,0,0.57,0,0,7.37,8.78,1.7,13.03,15.3,16.71,1.13,0.02239,0.07463,0.02612,0.02612,0.03358,0.66418,0.03358,0.05224,0.04851,0.01866,0.01866,0.05597,0.07836,0.02985,0.14179,0.35448,0.02612,0.02239,0.14179,0.1306,Sia_cheap trills,7.98,2.28,0,0,0,5.13,7.37,7.37,0,0,0,0,Sia,cheap trills
R_25WNlD6SGrOsztj,171,1,3,3,3,1,1,1,7,7,7,1,1,1,2,0,0.09,0.47,531,14.12,0.19,0.56,0.38,0.75,24.11,3.39,1.69,4.71,34.65,27.31,7.72,0.02059,0.03204,0.03204,0.01373,0.01144,0.746,0.05263,0.02746,0.03432,0.02975,0.01602,0.01373,0.03661,0.03432,0.66362,0.05721,0.05721,0.04119,0.04348,0.03661,Taylor Swift_shake it off,6.78,1.32,0.19,0.19,0.56,0.75,24.11,3.39,20.72,13.18,3.77,0.75,Taylor Swift,shake it off
R_1Q3C64gD6Q4bDmN,172,1,6,6,6,6,6,6,2,6,4,6,6,6,2,0,0.21,0.21,242,15.29,0,0.41,1.65,0,5.37,11.98,3.31,4.13,11.16,26.86,1.65,0.04651,0.14419,0.17209,0.02326,0.07442,0.03256,0.06977,0.04651,0.26512,0.12558,0.08837,0.05581,0.15349,0.16279,0.05581,0.03721,0.05116,0.30233,0.03721,0.05581,Frank Sinatra_my way,6.2,0,0.41,0,2.07,1.24,5.37,2.89,2.48,0.83,0,1.65,Frank Sinatra,my way
R_XhS4N852gVk9wVX,173,1,7,7,7,5,3,4,1,1,1,1,1,1,2,0,2.12,2.22,321,0.31,0,4.3,2.18,0,12.71,12.03,4.12,2.06,14.78,23.37,0,0.02151,0.14337,0.05735,0.03584,0.32616,0.1147,0.09319,0.02509,0.03226,0.15054,0.14337,0.02509,0.29749,0.06093,0.06452,0.06452,0.03226,0.05376,0.02151,0.23656,Eisbrecher_Zu Sterben,2.49,0,0,2.18,0.31,0,0,0,0,0,0,0,Eisbrecher,Zu Sterben
R_3NClXT3xailMLK9,174,1,7,7,7,2,2,2,4,4,4,1,1,1,2,0,0,0,695,0,0,0,0,0,0,0,0,9.35,30.94,4.03,0.43,0.93113,0.00717,0.00861,0.00717,0.00717,0.00717,0.00717,0.00717,0.00861,0.00861,0.00861,0.00717,0.00717,0.00717,0.93113,0.00717,0.00717,0.00717,0.01004,0.00717,Fatboy Slim_Rockafeller Skank,9.35,9.35,0,0,9.35,9.35,0,0,0,0,0,0,Fatboy Slim,Rockafeller Skank
R_Zq04KUFr2WiRqEh,175,1,7,7,7,1,1,1,1,1,1,2,2,2,1,1,0,0,107,0,0.93,0,0,1.87,0.93,1.87,5.61,4.67,22.43,4.67,0,0.06338,0.11268,0.10563,0.06338,0.06338,0.10563,0.1831,0.09859,0.1338,0.07042,0.15493,0.06338,0.10563,0.19014,0.09155,0.04225,0.06338,0.1831,0.06338,0.04225,In the Hollow Halls Beneath the Fells_Summoning,2.8,0,0,0,0,0.93,0.93,0.93,0,0,0,0,In the Hollow Halls Beneath the Fells,Summoning
R_3QKKEtqNLu0poKZ,176,1,7,7,7,5,6,5.5,5,7,6,5,5,5,1,1,0.55,1.9,322,0.62,0,2.45,0,0,5.51,12.28,2.76,6.27,12.53,21.3,19.05,0.04644,0.04025,0.04334,0.3808,0.09288,0.19195,0.09598,0.03406,0.03096,0.04334,0.02477,0.05573,0.07121,0.21362,0.0743,0.24149,0.0743,0.09907,0.02477,0.12074,Red Velvet_Bad Boy,2.8,0,0,0,1.55,0,2.17,0.93,1.24,0,0,0,Red Velvet,Bad Boy
R_eS9bvGAucda585P,177,1,7,7,7,1,1,1,1,1,1,1,1,1,2,0,0,0,130,0,0,0,0.77,0,3.08,10,2.31,2.31,16.15,6.92,0,0.06832,0.06832,0.09317,0.06832,0.06211,0.12422,0.0559,0.09317,0.30435,0.06211,0.26708,0.08696,0.07453,0.19255,0.04969,0.07453,0.04969,0.12422,0.04348,0.03727,Septic Flesh_The Underwater Garden,1.54,0,0,0.77,0,0.77,3.08,0.77,1.54,0,0.77,0.77,Septic Flesh,The Underwater Garden
R_11hkrwESzcQYuCc,178,1,6,6,6,1,5,3,1,1,1,5,5,5,2,0,0,0,54,11.11,0,0,0,0,7.41,29.63,11.11,18.52,22.22,14.81,11.11,0.05814,0.15116,0.13953,0.15116,0.05814,0.0814,0.15116,0.0814,0.06977,0.05814,0.06977,0.10465,0.0814,0.11628,0.11628,0.0814,0.17442,0.13953,0.05814,0.05814,Avicii_Levels,0,0,0,0,0,0,7.41,7.41,0,0,0,0,Avicii,Levels
R_2dBgfzJjmmTB9WI,179,1,6,6,6,6,7,6.5,7,6,6.5,6,6,6,2,0,0,0,217,11.98,0,0,0,1.84,11.98,21.66,3.69,5.53,17.97,23.96,0,0.02358,0.52358,0.03774,0.03302,0.06132,0.06132,0.07547,0.03302,0.08962,0.06132,0.21698,0.02358,0.38208,0.08962,0.03774,0.0283,0.0566,0.07547,0.05189,0.03774,Linkin Park_Crawling,2.76,0,0,0,0,0,11.98,2.76,8.76,8.76,0,0,Linkin Park,Crawling
R_2dTsOJMsJpYErW6,180,1,6,6,6,5,4,4.5,7,7,7,6,2,4,1,1,2.51,5.57,113,4.32,0,12.54,0,0,0,0,0,13.27,0,0,0,0.59677,0.04032,0.04839,0.04839,0.04839,0.04839,0.04032,0.04839,0.04032,0.04032,0.1129,0.04032,0.04032,0.5,0.06452,0.04032,0.04032,0.04839,0.05645,0.05645,Randy Newman_You've got a friend in me,13.27,0,13.27,0,0,13.27,0,0,0,0,0,0,Randy Newman,You've got a friend in me
R_2wTWVVIDq8IUVGm,181,1,6,5,5.5,4,3,3.5,1,1,1,5,5,5,3,0,0,0,188,0.53,0,0,1.06,1.6,4.26,9.57,4.26,9.57,30.85,6.38,0.53,0.03046,0.08122,0.1269,0.04061,0.04061,0.08629,0.22843,0.08122,0.21827,0.06599,0.07614,0.17259,0.08122,0.35025,0.07614,0.04061,0.05076,0.06599,0.05076,0.03553,Journey_Don't Stop Believin,7.45,0,0,1.06,1.06,0.53,4.26,2.13,1.06,0,0,1.06,Journey,Don't Stop Believin
R_AaGZqK5DMuEDOzn,182,1,5,5,5,5,6,5.5,3,2,2.5,5,5,5,2,0,0,0,161,11.8,0,0,0.62,0.62,4.97,13.66,4.97,3.73,14.29,22.98,1.24,0.04487,0.13462,0.1859,0.03846,0.0641,0.10897,0.07692,0.11538,0.14103,0.08974,0.11538,0.0641,0.09615,0.16026,0.09615,0.07051,0.07051,0.17308,0.07692,0.07692,benjamin francis_shine,4.97,0,0,0.62,0.62,0.62,4.97,4.35,0.62,0,0.62,0,benjamin francis,shine
R_Zkjg6v1JjJuJaWl,183,1,5,5,5,2,2,2,3,2,2.5,2,2,2,1,1,0,0,188,0.53,0,0,1.06,1.6,4.26,9.57,4.26,9.57,30.85,6.38,0.53,0.03046,0.08122,0.1269,0.04061,0.04061,0.08629,0.22843,0.08122,0.21827,0.06599,0.07614,0.17259,0.08122,0.35025,0.07614,0.04061,0.05076,0.06599,0.05076,0.03553,Journey_Don't Stop Believin,7.45,0,0,1.06,1.06,0.53,4.26,2.13,1.06,0,0,1.06,Journey,Don't Stop Believin
R_3Q0Eow97jxWT8Gd,184,1,4,4,4,4,4,4,5,5,5,4,4,4,1,1,0,0,163,3.68,0,0,0,0,4.91,8.59,5.52,0,38.04,15.34,0,0.08602,0.04839,0.56452,0.02688,0.04301,0.03226,0.04839,0.05376,0.05914,0.03763,0.04301,0.35484,0.10753,0.15054,0.12903,0.04839,0.02688,0.05376,0.04301,0.04301,beatles_here comes the sun,6.75,0,3.68,0,0,0,4.91,4.29,0.61,0,0,0.61,beatles,here comes the sun
R_3JKMsJocGcdyPLv,185,1,4,4,4,2,3,2.5,1,1,1,2,2,2,2,0,0,0,157,8.92,0,0,3.82,0,3.18,7.64,4.46,7.64,15.92,15.29,1.27,0.03509,0.08187,0.04678,0.04094,0.04678,0.08187,0.4386,0.06433,0.11111,0.05263,0.19298,0.09357,0.15789,0.09357,0.05263,0.04094,0.09942,0.05263,0.03509,0.18129,Pearl Jam_Daughter,14.65,4.46,0,8.92,0,0,3.18,0.64,2.55,0,0,1.27,Pearl Jam,Daughter
R_2YcfKqoMMZYftMM,186,1,3,3,3,2,3,2.5,2,2,2,3,2,2.5,1,1,0,0,54,11.11,0,0,0,0,7.41,29.63,11.11,18.52,22.22,14.81,11.11,0.05814,0.15116,0.13953,0.15116,0.05814,0.0814,0.15116,0.0814,0.06977,0.05814,0.06977,0.10465,0.0814,0.11628,0.11628,0.0814,0.17442,0.13953,0.05814,0.05814,Avicii_Levels,0,0,0,0,0,0,7.41,7.41,0,0,0,0,Avicii,Levels
R_3j97beIwcX0CseJ,187,1,7,7,7,5,5,5,5,4,4.5,5,5,5,1,1,15.79,0,171,9.36,0,15.79,0,7.6,23.39,0.58,12.28,16.37,12.87,32.75,4.09,0.03061,0.02551,0.03061,0.04082,0.13265,0.56122,0.07143,0.03571,0.03571,0.03571,0.02551,0.03061,0.05612,0.06633,0.02551,0.28571,0.04082,0.05102,0.09184,0.32653,Yeah Yeah Yeahs_Maps,50.88,0,0,0,0,15.2,23.39,23.39,0,0,0,0,Yeah Yeah Yeahs,Maps
R_2UatxlIbMC48RLf,188,1,7,7,7,4,4,4,7,7,7,2,2,2,1,1,5.77,4.32,446,9.42,1.35,10.09,0,0,5.61,13.23,10.31,8.07,10.09,24.66,0,0.06436,0.05693,0.0495,0.01485,0.09653,0.48515,0.04208,0.06931,0.05693,0.06436,0.04703,0.14109,0.05693,0.03713,0.25248,0.17574,0.02475,0.10149,0.04208,0.12129,Fitz and the Tantrums_Hand clap,14.8,0,0.67,0,0,2.02,5.61,2.91,2.69,0.22,0,0.67,Fitz and the Tantrums,Hand clap
